{"stage": "pretrain", "device": "cpu", "precision": "fp32", "parameters": 10035848, "config": {"vocab_size": 8192, "d_model": 320, "n_heads": 5, "n_layers": 4, "d_ff": 1344, "max_seq_len": 512, "dropout": 0.1, "initializer_range": 0.02, "latent_slots": 4, "reasoning_steps": 4, "compare_rank": 80, "planner_ff": 1344, "memory_slots": 8, "n_reasoning_modes": 8, "diversity_weight": 0.001, "route_entropy_weight": 0.0, "architecture_version": "legacy_v1", "binding_mode": "summary_slots", "readout_mode": "bos_decoder", "protected_binding_slots": 0, "binding_offsets": []}}
{"stage": "pretrain", "step": 1, "loss": 4.2141384357245, "perplexity": 67.6358681131966, "token_accuracy": 0.28860612685036424, "grad_norm": 1.4315871000289917, "lr": 2.0000000000000002e-07, "tokens": 3458, "tokens_per_second": 2740.1616739806127}
{"stage": "pretrain", "step": 10, "loss": 3.825095371185635, "perplexity": 45.837171703291844, "token_accuracy": 0.3288665531584832, "grad_norm": 1.32514488697052, "lr": 2.0000000000000003e-06, "tokens": 34326, "tokens_per_second": 3081.4248518476707}
{"stage": "pretrain", "step": 20, "loss": 3.7890347995122724, "perplexity": 44.2137045851174, "token_accuracy": 0.3189227538147689, "grad_norm": 1.4860727787017822, "lr": 4.000000000000001e-06, "tokens": 67991, "tokens_per_second": 3056.836368053371}
{"stage": "pretrain", "step": 30, "loss": 3.917024363541364, "perplexity": 50.25069428905584, "token_accuracy": 0.3017088938054437, "grad_norm": 1.4184073209762573, "lr": 6e-06, "tokens": 101452, "tokens_per_second": 2990.953917129199}
{"stage": "pretrain", "step": 40, "loss": 3.8076997068854466, "perplexity": 45.04669898448705, "token_accuracy": 0.32886115683594286, "grad_norm": 1.573259949684143, "lr": 8.000000000000001e-06, "tokens": 135811, "tokens_per_second": 3071.370259364665}
{"stage": "pretrain", "step": 50, "loss": 3.755241601838978, "perplexity": 42.74454572397553, "token_accuracy": 0.3260157218552042, "grad_norm": 1.4352773427963257, "lr": 1e-05, "tokens": 170106, "tokens_per_second": 3074.095562114115}
{"stage": "pretrain", "step": 60, "loss": 3.9076415865592127, "perplexity": 49.78140827719171, "token_accuracy": 0.3118380066668876, "grad_norm": 1.6473264694213867, "lr": 1.2e-05, "tokens": 205680, "tokens_per_second": 3089.849440833695}
{"stage": "pretrain", "step": 70, "loss": 3.831260418059429, "perplexity": 46.12063289335577, "token_accuracy": 0.3164517172161383, "grad_norm": 1.305127501487732, "lr": 1.4000000000000001e-05, "tokens": 238866, "tokens_per_second": 3178.50216206708}
{"stage": "pretrain", "step": 80, "loss": 3.886521843923273, "perplexity": 48.741062335272765, "token_accuracy": 0.31549470672788427, "grad_norm": 1.4385511875152588, "lr": 1.6000000000000003e-05, "tokens": 271524, "tokens_per_second": 3082.0240463188075}
{"stage": "pretrain", "step": 90, "loss": 3.9218862451886443, "perplexity": 50.49560209133229, "token_accuracy": 0.320634028620529, "grad_norm": 1.4339869022369385, "lr": 1.8e-05, "tokens": 304968, "tokens_per_second": 3089.767254150244}
{"stage": "pretrain", "step": 100, "loss": 3.773465508865517, "perplexity": 43.53065962820383, "token_accuracy": 0.31765342197826857, "grad_norm": 1.4210797548294067, "lr": 2e-05, "tokens": 339043, "tokens_per_second": 3105.173594180286}
{"stage": "pretrain", "step": 110, "loss": 3.8445354837284014, "perplexity": 46.736969225097745, "token_accuracy": 0.3131749507399556, "grad_norm": 1.6596359014511108, "lr": 2.2000000000000003e-05, "tokens": 373285, "tokens_per_second": 3075.8929020388427}
{"stage": "pretrain", "step": 120, "loss": 3.9510998889236713, "perplexity": 51.99252139563213, "token_accuracy": 0.31038062432233027, "grad_norm": 1.8108724355697632, "lr": 2.4e-05, "tokens": 406166, "tokens_per_second": 3007.6228193495754}
{"stage": "pretrain", "step": 130, "loss": 3.9995928148829325, "perplexity": 54.575923004596035, "token_accuracy": 0.3022120967846686, "grad_norm": 1.6964389085769653, "lr": 2.6000000000000002e-05, "tokens": 438942, "tokens_per_second": 2996.245345319769}
{"stage": "pretrain", "step": 140, "loss": 3.6500468271124547, "perplexity": 38.476467748729725, "token_accuracy": 0.3289841630141088, "grad_norm": 1.9277656078338623, "lr": 2.8000000000000003e-05, "tokens": 474633, "tokens_per_second": 2949.000533085551}
{"stage": "pretrain", "step": 150, "loss": 3.8253920601156133, "perplexity": 45.85077310231022, "token_accuracy": 0.3085075084658486, "grad_norm": 1.6057524681091309, "lr": 3e-05, "tokens": 508401, "tokens_per_second": 2976.7339741974597}
{"stage": "pretrain", "step": 160, "loss": 3.911411292515281, "perplexity": 49.96942370726675, "token_accuracy": 0.30631948443377066, "grad_norm": 1.436902403831482, "lr": 3.2000000000000005e-05, "tokens": 543066, "tokens_per_second": 2894.4308233974243}
{"stage": "pretrain", "step": 170, "loss": 4.008227836761475, "perplexity": 55.04922785169811, "token_accuracy": 0.29792000955581666, "grad_norm": 1.6856645345687866, "lr": 3.4000000000000007e-05, "tokens": 576298, "tokens_per_second": 2987.9066810259633}
{"stage": "pretrain", "step": 180, "loss": 3.9748982606677834, "perplexity": 53.24469954998492, "token_accuracy": 0.29521625767294735, "grad_norm": 1.921451449394226, "lr": 3.6e-05, "tokens": 610082, "tokens_per_second": 2894.9471700313748}
{"stage": "pretrain", "step": 190, "loss": 3.959443255087893, "perplexity": 52.428128728230405, "token_accuracy": 0.29686198645715944, "grad_norm": 1.5601062774658203, "lr": 3.8e-05, "tokens": 643520, "tokens_per_second": 2967.927021550912}
{"stage": "pretrain", "step": 200, "loss": 3.783867934970135, "perplexity": 43.985847522823015, "token_accuracy": 0.3218356323639075, "grad_norm": 1.616350531578064, "lr": 4e-05, "tokens": 678847, "tokens_per_second": 3050.580541456678}
{"stage": "pretrain", "step": 210, "loss": 3.685891912687865, "perplexity": 39.88067667339854, "token_accuracy": 0.32852948353804046, "grad_norm": 1.4893549680709839, "lr": 4.2e-05, "tokens": 714204, "tokens_per_second": 2971.712797822872}
{"stage": "pretrain", "step": 220, "loss": 4.01467864021011, "perplexity": 55.40548744546222, "token_accuracy": 0.3148291901748928, "grad_norm": 2.2165026664733887, "lr": 4.4000000000000006e-05, "tokens": 746901, "tokens_per_second": 3012.3130155974445}
{"stage": "pretrain", "step": 230, "loss": 3.873930957483809, "perplexity": 48.13121646111636, "token_accuracy": 0.29466418540221423, "grad_norm": 1.5060306787490845, "lr": 4.600000000000001e-05, "tokens": 779470, "tokens_per_second": 3010.5525159512363}
{"stage": "pretrain", "step": 240, "loss": 3.8275822021919828, "perplexity": 45.95130285675379, "token_accuracy": 0.31215063941306875, "grad_norm": 1.9406238794326782, "lr": 4.8e-05, "tokens": 813022, "tokens_per_second": 3027.520313677057}
{"stage": "pretrain", "step": 250, "loss": 3.76194686811256, "perplexity": 43.03212234624406, "token_accuracy": 0.32469175323028937, "grad_norm": 1.8243370056152344, "lr": 5e-05, "tokens": 846685, "tokens_per_second": 3078.2915752933836}
{"stage": "pretrain", "step": 250, "validation": {"loss": 3.661965213412841, "perplexity": 38.9377887952585, "token_accuracy": 0.33616484003315245, "target_tokens": 17423.0}}
{"stage": "pretrain", "step": 260, "loss": 3.6992508661686725, "perplexity": 40.41701526269557, "token_accuracy": 0.32801277204123097, "grad_norm": 1.961729645729065, "lr": 5.2000000000000004e-05, "tokens": 880604, "tokens_per_second": 2513.038644173647}
{"stage": "pretrain", "step": 270, "loss": 3.7061152397647854, "perplexity": 40.69540715493313, "token_accuracy": 0.33316403450307175, "grad_norm": 1.5930616855621338, "lr": 5.4000000000000005e-05, "tokens": 913602, "tokens_per_second": 2965.8809661846803}
{"stage": "pretrain", "step": 280, "loss": 3.86501331039097, "perplexity": 47.70390738612107, "token_accuracy": 0.32289855214996616, "grad_norm": 1.5843485593795776, "lr": 5.6000000000000006e-05, "tokens": 949245, "tokens_per_second": 2966.7245529512184}
{"stage": "pretrain", "step": 290, "loss": 3.808938799464127, "perplexity": 45.10255061041438, "token_accuracy": 0.30559068914458565, "grad_norm": 1.3260313272476196, "lr": 5.8e-05, "tokens": 984672, "tokens_per_second": 3071.8519087219724}
{"stage": "pretrain", "step": 300, "loss": 3.8266743008569066, "perplexity": 45.90960254029256, "token_accuracy": 0.3064232984523097, "grad_norm": 1.9727590084075928, "lr": 6e-05, "tokens": 1019809, "tokens_per_second": 3121.638213497597}
{"stage": "pretrain", "step": 310, "loss": 3.6793001901586444, "perplexity": 39.61865884165203, "token_accuracy": 0.3360969342614467, "grad_norm": 1.7754532098770142, "lr": 6.2e-05, "tokens": 1053512, "tokens_per_second": 3046.4311162762147}
{"stage": "pretrain", "step": 320, "loss": 4.031056619267975, "perplexity": 56.32038902713594, "token_accuracy": 0.3055363354592175, "grad_norm": 2.0572738647460938, "lr": 6.400000000000001e-05, "tokens": 1087199, "tokens_per_second": 3060.752315568731}
{"stage": "pretrain", "step": 330, "loss": 3.935359392130129, "perplexity": 51.18054053522892, "token_accuracy": 0.2892826022171815, "grad_norm": 1.7697551250457764, "lr": 6.6e-05, "tokens": 1120311, "tokens_per_second": 3072.654390084914}
{"stage": "pretrain", "step": 340, "loss": 4.001517633332311, "perplexity": 54.681072912864444, "token_accuracy": 0.3064765995931138, "grad_norm": 1.842585802078247, "lr": 6.800000000000001e-05, "tokens": 1153332, "tokens_per_second": 3084.692250530293}
{"stage": "pretrain", "step": 350, "loss": 4.0519777156972605, "perplexity": 57.51108522230561, "token_accuracy": 0.29693782487189924, "grad_norm": 2.228008508682251, "lr": 7e-05, "tokens": 1186391, "tokens_per_second": 3089.794441317579}
{"stage": "pretrain", "step": 360, "loss": 3.6618548747724406, "perplexity": 38.93349268960022, "token_accuracy": 0.3258300544206655, "grad_norm": 1.9789456129074097, "lr": 7.2e-05, "tokens": 1220160, "tokens_per_second": 3108.156452780526}
{"stage": "pretrain", "step": 370, "loss": 3.838029038259592, "perplexity": 46.43386481889922, "token_accuracy": 0.3267195825834596, "grad_norm": 2.0284857749938965, "lr": 7.4e-05, "tokens": 1252733, "tokens_per_second": 3101.8687834457946}
{"stage": "pretrain", "step": 380, "loss": 3.8259088078524925, "perplexity": 45.87447250832485, "token_accuracy": 0.3172114748033068, "grad_norm": 2.198967456817627, "lr": 7.6e-05, "tokens": 1285899, "tokens_per_second": 3071.0956050961863}
{"stage": "pretrain", "step": 390, "loss": 3.574862522710829, "perplexity": 35.689713953246944, "token_accuracy": 0.3407690031790194, "grad_norm": 1.5916650295257568, "lr": 7.800000000000001e-05, "tokens": 1318517, "tokens_per_second": 3004.9613249117488}
{"stage": "pretrain", "step": 400, "loss": 3.8273849068759906, "perplexity": 45.94223777421499, "token_accuracy": 0.3088064830607777, "grad_norm": 1.7747321128845215, "lr": 8e-05, "tokens": 1352670, "tokens_per_second": 3068.020349924427}
{"stage": "pretrain", "step": 410, "loss": 3.896621616550912, "perplexity": 49.23583029871221, "token_accuracy": 0.30351076106354175, "grad_norm": 1.8504444360733032, "lr": 8.2e-05, "tokens": 1386522, "tokens_per_second": 3106.3862342741118}
{"stage": "pretrain", "step": 420, "loss": 3.7835607682154135, "perplexity": 43.972338607636786, "token_accuracy": 0.31601621305737104, "grad_norm": 1.565083622932434, "lr": 8.4e-05, "tokens": 1419890, "tokens_per_second": 3180.2120135927366}
{"stage": "pretrain", "step": 430, "loss": 3.8047252270500667, "perplexity": 44.91290756529016, "token_accuracy": 0.3065569071633688, "grad_norm": 1.92368745803833, "lr": 8.6e-05, "tokens": 1452251, "tokens_per_second": 3097.198148949106}
{"stage": "pretrain", "step": 440, "loss": 3.9056174502748235, "perplexity": 49.680745834030596, "token_accuracy": 0.3274061506729223, "grad_norm": 1.9041863679885864, "lr": 8.800000000000001e-05, "tokens": 1487015, "tokens_per_second": 3122.0322673237833}
{"stage": "pretrain", "step": 450, "loss": 3.7635363385293394, "perplexity": 43.100575019022145, "token_accuracy": 0.31872732775556684, "grad_norm": 2.0205421447753906, "lr": 9e-05, "tokens": 1524108, "tokens_per_second": 3038.9072926908752}
{"stage": "pretrain", "step": 460, "loss": 3.9351357208637054, "perplexity": 51.16909419906714, "token_accuracy": 0.31509177346240896, "grad_norm": 1.5563641786575317, "lr": 9.200000000000001e-05, "tokens": 1556508, "tokens_per_second": 2911.021873343862}
{"stage": "pretrain", "step": 470, "loss": 3.87108815522798, "perplexity": 47.99458323302649, "token_accuracy": 0.3121156204230671, "grad_norm": 1.8060928583145142, "lr": 9.4e-05, "tokens": 1589811, "tokens_per_second": 2991.843068540282}
{"stage": "pretrain", "step": 480, "loss": 3.7749836406082147, "perplexity": 43.59679509283806, "token_accuracy": 0.3194597578364144, "grad_norm": 1.874113917350769, "lr": 9.6e-05, "tokens": 1624057, "tokens_per_second": 2981.9690269964826}
{"stage": "pretrain", "step": 490, "loss": 3.7664190937461997, "perplexity": 43.22500268759423, "token_accuracy": 0.31907554066933697, "grad_norm": 1.7689893245697021, "lr": 9.8e-05, "tokens": 1657897, "tokens_per_second": 3057.0435864001847}
{"stage": "pretrain", "step": 500, "loss": 3.7188493893908943, "perplexity": 41.21694216356196, "token_accuracy": 0.3302286237503491, "grad_norm": 2.0092179775238037, "lr": 0.0001, "tokens": 1688649, "tokens_per_second": 3048.436418905745}
{"stage": "pretrain", "step": 500, "validation": {"loss": 3.536230688081956, "perplexity": 34.337247162262976, "token_accuracy": 0.35108764668300013, "target_tokens": 17423.0}}
{"stage": "pretrain", "step": 510, "loss": 3.92628090485908, "perplexity": 50.718001404089016, "token_accuracy": 0.3013574681131009, "grad_norm": 1.9728567600250244, "lr": 9.999975394360483e-05, "tokens": 1720754, "tokens_per_second": 2535.0740964236506}
{"stage": "pretrain", "step": 520, "loss": 3.6665547713229225, "perplexity": 39.11690675353374, "token_accuracy": 0.33718806692941555, "grad_norm": 1.64760160446167, "lr": 9.999901577711012e-05, "tokens": 1755963, "tokens_per_second": 3018.657421300357}
{"stage": "pretrain", "step": 530, "loss": 3.7265119839526357, "perplexity": 41.53398401073587, "token_accuracy": 0.3293219882965368, "grad_norm": 1.9199657440185547, "lr": 9.999778550858834e-05, "tokens": 1790329, "tokens_per_second": 2936.907237195546}
{"stage": "pretrain", "step": 540, "loss": 3.6592114966029152, "perplexity": 38.83071264806769, "token_accuracy": 0.33046518531048225, "grad_norm": 1.9966148138046265, "lr": 9.999606315149354e-05, "tokens": 1826043, "tokens_per_second": 3082.8858669811907}
{"stage": "pretrain", "step": 550, "loss": 3.459252038458324, "perplexity": 31.793187537591347, "token_accuracy": 0.35097340942409744, "grad_norm": 2.127810001373291, "lr": 9.999384872466111e-05, "tokens": 1861158, "tokens_per_second": 3021.3785414772556}
{"stage": "pretrain", "step": 560, "loss": 3.9342690989712565, "perplexity": 51.12476915112005, "token_accuracy": 0.3048271778815551, "grad_norm": 2.0098187923431396, "lr": 9.999114225230768e-05, "tokens": 1895202, "tokens_per_second": 3035.790778276877}
{"stage": "pretrain", "step": 570, "loss": 3.62872138753597, "perplexity": 37.66462735406276, "token_accuracy": 0.3305948030349263, "grad_norm": 2.682217836380005, "lr": 9.99879437640308e-05, "tokens": 1928435, "tokens_per_second": 3041.137068457253}
{"stage": "pretrain", "step": 580, "loss": 3.7353969964473506, "perplexity": 41.9046582617805, "token_accuracy": 0.3238833858929206, "grad_norm": 2.2939276695251465, "lr": 9.998425329480863e-05, "tokens": 1963131, "tokens_per_second": 3091.550682545838}
{"stage": "pretrain", "step": 590, "loss": 3.740582385073222, "perplexity": 42.122514546705396, "token_accuracy": 0.32189100256564923, "grad_norm": 1.8943403959274292, "lr": 9.998007088499952e-05, "tokens": 1997131, "tokens_per_second": 3036.269012876088}
{"stage": "pretrain", "step": 600, "loss": 3.6886859992251866, "perplexity": 39.99226255289763, "token_accuracy": 0.319212816143688, "grad_norm": 2.0685935020446777, "lr": 9.997539658034168e-05, "tokens": 2028574, "tokens_per_second": 3013.4673104823255}
{"stage": "pretrain", "step": 610, "loss": 3.664694096663288, "perplexity": 39.04419058791679, "token_accuracy": 0.334579437748294, "grad_norm": 2.1778221130371094, "lr": 9.997023043195251e-05, "tokens": 2062666, "tokens_per_second": 3087.875870370656}
{"stage": "pretrain", "step": 620, "loss": 3.4919215982553022, "perplexity": 32.84900969664308, "token_accuracy": 0.33616343157998, "grad_norm": 2.070120334625244, "lr": 9.996457249632824e-05, "tokens": 2096169, "tokens_per_second": 3001.655462577735}
{"stage": "pretrain", "step": 630, "loss": 3.635444259442902, "perplexity": 37.918694894026245, "token_accuracy": 0.33213104837500446, "grad_norm": 1.9118716716766357, "lr": 9.995842283534307e-05, "tokens": 2131585, "tokens_per_second": 3028.0198445578976}
{"stage": "pretrain", "step": 640, "loss": 3.9383432090397728, "perplexity": 51.33348195865349, "token_accuracy": 0.3127014849990664, "grad_norm": 2.0757269859313965, "lr": 9.995178151624878e-05, "tokens": 2165160, "tokens_per_second": 3069.849307159182}
{"stage": "pretrain", "step": 650, "loss": 3.627924023006332, "perplexity": 37.63460688640719, "token_accuracy": 0.334043301216118, "grad_norm": 2.262802839279175, "lr": 9.994464861167372e-05, "tokens": 2196882, "tokens_per_second": 3065.0283975835573}
{"stage": "pretrain", "step": 660, "loss": 3.5784166504604404, "perplexity": 35.81678543636402, "token_accuracy": 0.33844267112356546, "grad_norm": 2.0804073810577393, "lr": 9.993702419962222e-05, "tokens": 2232432, "tokens_per_second": 3018.371315738282}
{"stage": "pretrain", "step": 670, "loss": 3.646689412004826, "perplexity": 38.34750289004791, "token_accuracy": 0.33198516520338506, "grad_norm": 2.3795485496520996, "lr": 9.992890836347361e-05, "tokens": 2264883, "tokens_per_second": 3107.6913756812064}
{"stage": "pretrain", "step": 680, "loss": 3.6078134155004293, "perplexity": 36.88531172250739, "token_accuracy": 0.32110379933002564, "grad_norm": 2.2031443119049072, "lr": 9.992030119198141e-05, "tokens": 2298375, "tokens_per_second": 3180.3915865899917}
{"stage": "pretrain", "step": 690, "loss": 3.579189042268901, "perplexity": 35.844460714743725, "token_accuracy": 0.35173059050673294, "grad_norm": 1.982591152191162, "lr": 9.991120277927223e-05, "tokens": 2331886, "tokens_per_second": 3054.3758974677507}
{"stage": "pretrain", "step": 700, "loss": 3.8939892179570554, "perplexity": 49.10639240907107, "token_accuracy": 0.320153951165224, "grad_norm": 2.443512201309204, "lr": 9.990161322484486e-05, "tokens": 2366392, "tokens_per_second": 3094.108633007952}
{"stage": "pretrain", "step": 710, "loss": 3.582134162381478, "perplexity": 35.950182562272026, "token_accuracy": 0.34023099196169443, "grad_norm": 1.8405171632766724, "lr": 9.989153263356914e-05, "tokens": 2401402, "tokens_per_second": 47.33611747379768}
{"stage": "pretrain", "step": 720, "loss": 3.632845376649116, "perplexity": 37.82027659451062, "token_accuracy": 0.34256854037529805, "grad_norm": 2.1549291610717773, "lr": 9.98809611156848e-05, "tokens": 2435934, "tokens_per_second": 2993.7835914760644}
{"stage": "pretrain", "step": 730, "loss": 3.553923545011039, "perplexity": 34.95017741822645, "token_accuracy": 0.3262135809558688, "grad_norm": 2.614699363708496, "lr": 9.986989878680028e-05, "tokens": 2470847, "tokens_per_second": 2973.216856846335}
{"stage": "pretrain", "step": 740, "loss": 3.4548214370985306, "perplexity": 31.65263619106982, "token_accuracy": 0.346700343003136, "grad_norm": 2.1562366485595703, "lr": 9.985834576789139e-05, "tokens": 2505694, "tokens_per_second": 3027.8466798056165}
{"stage": "pretrain", "step": 750, "loss": 3.707522158108744, "perplexity": 40.752702565305235, "token_accuracy": 0.3233794630420356, "grad_norm": 2.4918367862701416, "lr": 9.984630218530014e-05, "tokens": 2538423, "tokens_per_second": 3077.6549641735155}
{"stage": "pretrain", "step": 750, "validation": {"loss": 3.3901378731704885, "perplexity": 29.670042691237096, "token_accuracy": 0.36710096154955724, "target_tokens": 17423.0}}
{"stage": "pretrain", "step": 760, "loss": 3.6218710044356626, "perplexity": 37.40749197086348, "token_accuracy": 0.3454606123716236, "grad_norm": 2.216789960861206, "lr": 9.98337681707332e-05, "tokens": 2570270, "tokens_per_second": 2529.261942511124}
{"stage": "pretrain", "step": 770, "loss": 3.561014955574826, "perplexity": 35.19890434562359, "token_accuracy": 0.3470821940239657, "grad_norm": 2.043914318084717, "lr": 9.982074386126057e-05, "tokens": 2604682, "tokens_per_second": 2972.072494839587}
{"stage": "pretrain", "step": 780, "loss": 3.440219370856462, "perplexity": 31.193800428502087, "token_accuracy": 0.34777196752125866, "grad_norm": 2.118532657623291, "lr": 9.980722939931397e-05, "tokens": 2639266, "tokens_per_second": 2987.352083549202}
{"stage": "pretrain", "step": 790, "loss": 3.591081938174431, "perplexity": 36.2733001717144, "token_accuracy": 0.3213046503555105, "grad_norm": 2.76981520652771, "lr": 9.979322493268543e-05, "tokens": 2671296, "tokens_per_second": 3055.5808380045164}
{"stage": "pretrain", "step": 800, "loss": 3.551542282969111, "perplexity": 34.86705089967353, "token_accuracy": 0.33333332946056254, "grad_norm": 1.9981168508529663, "lr": 9.977873061452552e-05, "tokens": 2705222, "tokens_per_second": 3047.3632397517836}
{"stage": "pretrain", "step": 810, "loss": 3.4553970787051, "perplexity": 31.67086201068576, "token_accuracy": 0.34293681014758504, "grad_norm": 2.2589874267578125, "lr": 9.97637466033418e-05, "tokens": 2740747, "tokens_per_second": 3064.3095897238854}
{"stage": "pretrain", "step": 820, "loss": 3.482804973475331, "perplexity": 32.55089854931759, "token_accuracy": 0.367322236173272, "grad_norm": 2.4027626514434814, "lr": 9.974827306299701e-05, "tokens": 2777791, "tokens_per_second": 3110.157902439827}
{"stage": "pretrain", "step": 830, "loss": 3.572007211661506, "perplexity": 35.587954065850155, "token_accuracy": 0.3481858587621656, "grad_norm": 2.077702760696411, "lr": 9.973231016270731e-05, "tokens": 2810280, "tokens_per_second": 3065.213899297228}
{"stage": "pretrain", "step": 840, "loss": 3.5703676982383348, "perplexity": 35.5296549416134, "token_accuracy": 0.3318632906333614, "grad_norm": 2.280972480773926, "lr": 9.971585807704043e-05, "tokens": 2845117, "tokens_per_second": 3103.4171767510866}
{"stage": "pretrain", "step": 850, "loss": 3.6041051583022674, "perplexity": 36.748784794737674, "token_accuracy": 0.3414036127876512, "grad_norm": 2.310741901397705, "lr": 9.969891698591372e-05, "tokens": 2881686, "tokens_per_second": 3164.645848293229}
{"stage": "pretrain", "step": 860, "loss": 3.4928835860923666, "perplexity": 32.880625248881074, "token_accuracy": 0.34014038969813143, "grad_norm": 2.266902446746826, "lr": 9.968148707459226e-05, "tokens": 2914841, "tokens_per_second": 3030.973599570467}
{"stage": "pretrain", "step": 870, "loss": 3.603838718732638, "perplexity": 36.73899476861565, "token_accuracy": 0.33241073703488716, "grad_norm": 1.9355947971343994, "lr": 9.966356853368677e-05, "tokens": 2946843, "tokens_per_second": 3037.1742697608474}
{"stage": "pretrain", "step": 880, "loss": 3.467517494827918, "perplexity": 32.057061760197506, "token_accuracy": 0.34382022189885636, "grad_norm": 2.209676504135132, "lr": 9.964516155915151e-05, "tokens": 2980671, "tokens_per_second": 3064.747052170787}
{"stage": "pretrain", "step": 890, "loss": 3.6652957564843796, "perplexity": 39.067688976949995, "token_accuracy": 0.32896135710985347, "grad_norm": 2.0686442852020264, "lr": 9.962626635228223e-05, "tokens": 3012362, "tokens_per_second": 2994.740772635111}
{"stage": "pretrain", "step": 900, "loss": 3.6461290918234974, "perplexity": 38.326022028917066, "token_accuracy": 0.3285811265066863, "grad_norm": 3.157644271850586, "lr": 9.96068831197139e-05, "tokens": 3045927, "tokens_per_second": 3050.0893037876212}
{"stage": "pretrain", "step": 910, "loss": 3.387797239148025, "perplexity": 29.6006771911594, "token_accuracy": 0.3541371204469784, "grad_norm": 2.4766814708709717, "lr": 9.95870120734184e-05, "tokens": 3079883, "tokens_per_second": 3129.357406240145}
{"stage": "pretrain", "step": 920, "loss": 3.3509915361046674, "perplexity": 28.531009149032393, "token_accuracy": 0.3696939754506678, "grad_norm": 2.5768346786499023, "lr": 9.956665343070234e-05, "tokens": 3114756, "tokens_per_second": 3099.8899982143653}
{"stage": "pretrain", "step": 930, "loss": 3.6985267491008713, "perplexity": 40.38775920579769, "token_accuracy": 0.3219015311810278, "grad_norm": 2.897789478302002, "lr": 9.95458074142046e-05, "tokens": 3147401, "tokens_per_second": 3052.9056728678856}
{"stage": "pretrain", "step": 940, "loss": 3.614475966240999, "perplexity": 37.13188246638942, "token_accuracy": 0.3419334865390865, "grad_norm": 2.939586877822876, "lr": 9.952447425189382e-05, "tokens": 3181135, "tokens_per_second": 3036.9012228228275}
{"stage": "pretrain", "step": 950, "loss": 3.2972207509969818, "perplexity": 27.03739076109082, "token_accuracy": 0.37605178860591837, "grad_norm": 2.10829496383667, "lr": 9.950265417706608e-05, "tokens": 3213757, "tokens_per_second": 3092.6663883513406}
{"stage": "pretrain", "step": 960, "loss": 3.443900648921342, "perplexity": 31.308845107584656, "token_accuracy": 0.3654299168304504, "grad_norm": 2.0416343212127686, "lr": 9.948034742834223e-05, "tokens": 3248329, "tokens_per_second": 3082.0326577281644}
{"stage": "pretrain", "step": 970, "loss": 3.2602661734283567, "perplexity": 26.056471759991183, "token_accuracy": 0.37791342626467395, "grad_norm": 2.4826412200927734, "lr": 9.945755424966527e-05, "tokens": 3282107, "tokens_per_second": 2973.4891522520106}
{"stage": "pretrain", "step": 980, "loss": 3.5957927307370308, "perplexity": 36.44457927780797, "token_accuracy": 0.34363502736605644, "grad_norm": 2.8787145614624023, "lr": 9.943427489029776e-05, "tokens": 3316013, "tokens_per_second": 2956.8830742645728}
{"stage": "pretrain", "step": 990, "loss": 3.2574874846320236, "perplexity": 25.984169433193625, "token_accuracy": 0.37538541138233406, "grad_norm": 1.631220817565918, "lr": 9.941050960481906e-05, "tokens": 3351085, "tokens_per_second": 3058.5052746360943}
{"stage": "pretrain", "step": 1000, "loss": 3.643543856799378, "perplexity": 38.227068218973, "token_accuracy": 0.33858267674704035, "grad_norm": 3.0965378284454346, "lr": 9.938625865312251e-05, "tokens": 3383135, "tokens_per_second": 3107.0432732850354}
{"stage": "pretrain", "step": 1000, "validation": {"loss": 3.2832109746953235, "perplexity": 26.66124398314919, "token_accuracy": 0.37817827419600286, "target_tokens": 17423.0}}
{"stage": "pretrain", "step": 1010, "loss": 3.374599714220667, "perplexity": 29.212588056998328, "token_accuracy": 0.37144450856631384, "grad_norm": 2.204899311065674, "lr": 9.936152230041264e-05, "tokens": 3416333, "tokens_per_second": 2654.2402509676062}
{"stage": "pretrain", "step": 1020, "loss": 3.514473240430965, "perplexity": 33.59822507519868, "token_accuracy": 0.3482170557051666, "grad_norm": 2.1593470573425293, "lr": 9.933630081720224e-05, "tokens": 3447960, "tokens_per_second": 3155.2840667585156}
{"stage": "pretrain", "step": 1030, "loss": 3.632958696986682, "perplexity": 37.82456264386484, "token_accuracy": 0.3397673128270271, "grad_norm": 2.0852484703063965, "lr": 9.93105944793094e-05, "tokens": 3482697, "tokens_per_second": 3108.47608454972}
{"stage": "pretrain", "step": 1040, "loss": 3.4687422455111636, "perplexity": 32.096347721334226, "token_accuracy": 0.3509493752370907, "grad_norm": 2.3319931030273438, "lr": 9.928440356785453e-05, "tokens": 3515269, "tokens_per_second": 3001.6293733890393}
{"stage": "pretrain", "step": 1050, "loss": 3.2725480299099443, "perplexity": 26.37846690808614, "token_accuracy": 0.36889692858050144, "grad_norm": 2.192039728164673, "lr": 9.92577283692572e-05, "tokens": 3551279, "tokens_per_second": 3036.2178964217496}
{"stage": "pretrain", "step": 1060, "loss": 3.6111374269678906, "perplexity": 37.00812292149184, "token_accuracy": 0.32959906190176896, "grad_norm": 2.2591958045959473, "lr": 9.923056917523317e-05, "tokens": 3584613, "tokens_per_second": 3027.234830923945}
{"stage": "pretrain", "step": 1070, "loss": 3.518319721358576, "perplexity": 33.72770887598992, "token_accuracy": 0.34830532004334575, "grad_norm": 2.26928973197937, "lr": 9.920292628279099e-05, "tokens": 3619205, "tokens_per_second": 3070.655599371499}
{"stage": "pretrain", "step": 1080, "loss": 3.3728024778327623, "perplexity": 29.160133281692207, "token_accuracy": 0.36208501235321, "grad_norm": 2.276221513748169, "lr": 9.917479999422893e-05, "tokens": 3653953, "tokens_per_second": 3067.852974264874}
{"stage": "pretrain", "step": 1090, "loss": 3.389199021505931, "perplexity": 29.642199994395213, "token_accuracy": 0.3529100528706319, "grad_norm": 2.5089480876922607, "lr": 9.914619061713154e-05, "tokens": 3687802, "tokens_per_second": 3049.9595286270164}
{"stage": "pretrain", "step": 1100, "loss": 3.677798866463739, "perplexity": 39.55922303772696, "token_accuracy": 0.34169125441927006, "grad_norm": 2.6110353469848633, "lr": 9.911709846436641e-05, "tokens": 3721484, "tokens_per_second": 3086.2017638874445}
{"stage": "pretrain", "step": 1110, "loss": 3.366955051762717, "perplexity": 28.990119115201857, "token_accuracy": 0.3721428560678448, "grad_norm": 2.280442237854004, "lr": 9.908752385408067e-05, "tokens": 3754569, "tokens_per_second": 3084.2759943378323}
{"stage": "pretrain", "step": 1120, "loss": 3.317188327322235, "perplexity": 27.58268793869059, "token_accuracy": 0.3680514928592165, "grad_norm": 2.2925803661346436, "lr": 9.905746710969752e-05, "tokens": 3789631, "tokens_per_second": 3073.950938916343}
{"stage": "pretrain", "step": 1130, "loss": 3.4777182194847707, "perplexity": 32.3857405514007, "token_accuracy": 0.35661080634090786, "grad_norm": 2.3169760704040527, "lr": 9.902692855991266e-05, "tokens": 3825373, "tokens_per_second": 3106.7688701641773}
{"stage": "pretrain", "step": 1140, "loss": 3.297076314539669, "perplexity": 27.03348585816627, "token_accuracy": 0.3765081622293437, "grad_norm": 2.0944366455078125, "lr": 9.899590853869082e-05, "tokens": 3859728, "tokens_per_second": 3060.7211652139895}
{"stage": "pretrain", "step": 1150, "loss": 3.489471152738814, "perplexity": 32.768613531551466, "token_accuracy": 0.3507602024345469, "grad_norm": 2.3393025398254395, "lr": 9.896440738526198e-05, "tokens": 3895038, "tokens_per_second": 3054.5390997836153}
{"stage": "pretrain", "step": 1160, "loss": 3.4865560735905508, "perplexity": 32.673229523040554, "token_accuracy": 0.35498130100594616, "grad_norm": 2.5760695934295654, "lr": 9.893242544411769e-05, "tokens": 3927812, "tokens_per_second": 3056.0434257980082}
{"stage": "pretrain", "step": 1170, "loss": 3.4191905928248425, "perplexity": 30.54468192811355, "token_accuracy": 0.3584693266255975, "grad_norm": 2.1896235942840576, "lr": 9.889996306500732e-05, "tokens": 3962827, "tokens_per_second": 3087.1810066220346}
{"stage": "pretrain", "step": 1180, "loss": 3.4259041193627464, "perplexity": 30.750434350206866, "token_accuracy": 0.3528906738563613, "grad_norm": 2.3444552421569824, "lr": 9.886702060293428e-05, "tokens": 3995057, "tokens_per_second": 3023.91771781537}
{"stage": "pretrain", "step": 1190, "loss": 3.2771494959074765, "perplexity": 26.50012621755603, "token_accuracy": 0.3726534071540458, "grad_norm": 2.426541328430176, "lr": 9.883359841815203e-05, "tokens": 4029857, "tokens_per_second": 3005.526509028973}
{"stage": "pretrain", "step": 1200, "loss": 3.3169701091802803, "perplexity": 27.57666955246291, "token_accuracy": 0.3711415951024779, "grad_norm": 2.3885459899902344, "lr": 9.879969687616027e-05, "tokens": 4066215, "tokens_per_second": 3000.4370605577196}
{"stage": "pretrain", "step": 1210, "loss": 3.2851669733511484, "perplexity": 26.713444375848905, "token_accuracy": 0.3795888408311021, "grad_norm": 2.2005772590637207, "lr": 9.876531634770078e-05, "tokens": 4100039, "tokens_per_second": 3004.6684351779795}
{"stage": "pretrain", "step": 1220, "loss": 3.280800495577934, "perplexity": 26.59705500545968, "token_accuracy": 0.3657142855439867, "grad_norm": 2.019879102706909, "lr": 9.873045720875356e-05, "tokens": 4132893, "tokens_per_second": 2897.4049296116605}
{"stage": "pretrain", "step": 1230, "loss": 3.4617481356909297, "perplexity": 31.872645551228352, "token_accuracy": 0.35624249772328576, "grad_norm": 2.093210220336914, "lr": 9.869511984053252e-05, "tokens": 4165603, "tokens_per_second": 3009.1799976005295}
{"stage": "pretrain", "step": 1240, "loss": 3.2448709132720013, "perplexity": 25.658397687837997, "token_accuracy": 0.37975730269867874, "grad_norm": 2.5176591873168945, "lr": 9.86593046294815e-05, "tokens": 4199686, "tokens_per_second": 2998.5683906484555}
{"stage": "pretrain", "step": 1250, "loss": 3.3593964807196826, "perplexity": 28.7718212894507, "token_accuracy": 0.35608956889172577, "grad_norm": 2.142521619796753, "lr": 9.862301196726987e-05, "tokens": 4234625, "tokens_per_second": 2971.0780532354534}
{"stage": "pretrain", "step": 1250, "validation": {"loss": 3.1912715339239175, "perplexity": 24.319330645618553, "token_accuracy": 0.38787808969162746, "target_tokens": 17423.0}}
{"stage": "pretrain", "step": 1260, "loss": 3.3208859332482703, "perplexity": 27.68486664093811, "token_accuracy": 0.3711064997093503, "grad_norm": 2.200300931930542, "lr": 9.858624225078841e-05, "tokens": 4268762, "tokens_per_second": 2580.1888779561223}
{"stage": "pretrain", "step": 1270, "loss": 3.3080458482216257, "perplexity": 27.331663034133342, "token_accuracy": 0.3710735284915907, "grad_norm": 2.2640790939331055, "lr": 9.854899588214481e-05, "tokens": 4301080, "tokens_per_second": 3008.6599118987974}
{"stage": "pretrain", "step": 1280, "loss": 3.5306812653649584, "perplexity": 34.14722301265438, "token_accuracy": 0.34077669655042175, "grad_norm": 2.28261661529541, "lr": 9.851127326865942e-05, "tokens": 4334899, "tokens_per_second": 3049.994822778079}
{"stage": "pretrain", "step": 1290, "loss": 3.2176521610453785, "perplexity": 24.969427113711767, "token_accuracy": 0.384130145983392, "grad_norm": 2.6427977085113525, "lr": 9.84730748228607e-05, "tokens": 4367779, "tokens_per_second": 3064.204930054204}
{"stage": "pretrain", "step": 1300, "loss": 3.3669630406523487, "perplexity": 28.99035071498899, "token_accuracy": 0.3519043170940512, "grad_norm": 2.4152209758758545, "lr": 9.84344009624807e-05, "tokens": 4401369, "tokens_per_second": 3163.676657650683}
{"stage": "pretrain", "step": 1310, "loss": 3.237840204939492, "perplexity": 25.478633652157338, "token_accuracy": 0.379910041644298, "grad_norm": 2.36240553855896, "lr": 9.839525211045058e-05, "tokens": 4434008, "tokens_per_second": 2975.157753344709}
{"stage": "pretrain", "step": 1320, "loss": 3.313864571884187, "perplexity": 27.491162018805248, "token_accuracy": 0.37400621721747007, "grad_norm": 2.1738898754119873, "lr": 9.835562869489592e-05, "tokens": 4467654, "tokens_per_second": 2970.6592647984994}
{"stage": "pretrain", "step": 1330, "loss": 3.1827184207287735, "perplexity": 24.11221167643095, "token_accuracy": 0.3804241462107778, "grad_norm": 2.391286849975586, "lr": 9.831553114913204e-05, "tokens": 4501360, "tokens_per_second": 3009.557468332112}
{"stage": "pretrain", "step": 1340, "loss": 3.391237154883252, "perplexity": 29.702676360095914, "token_accuracy": 0.33960236787539794, "grad_norm": 2.3417797088623047, "lr": 9.827495991165928e-05, "tokens": 4534395, "tokens_per_second": 2911.866324756758}
{"stage": "pretrain", "step": 1350, "loss": 3.322665377957211, "perplexity": 27.73417418741569, "token_accuracy": 0.3711591094487483, "grad_norm": 2.191466808319092, "lr": 9.823391542615817e-05, "tokens": 4570334, "tokens_per_second": 18.96364623223294}
{"stage": "pretrain", "step": 1360, "loss": 3.2035670022685805, "perplexity": 24.62019404359684, "token_accuracy": 0.3850649346101594, "grad_norm": 2.2446823120117188, "lr": 9.819239814148465e-05, "tokens": 4604673, "tokens_per_second": 2906.327680800091}
{"stage": "pretrain", "step": 1370, "loss": 3.1302582224040436, "perplexity": 22.879886879098816, "token_accuracy": 0.38969542240947186, "grad_norm": 2.0105538368225098, "lr": 9.81504085116651e-05, "tokens": 4638092, "tokens_per_second": 3006.788981415558}
{"stage": "pretrain", "step": 1380, "loss": 3.4171804629206974, "perplexity": 30.483344817990236, "token_accuracy": 0.36604774571946735, "grad_norm": 2.4820704460144043, "lr": 9.810794699589136e-05, "tokens": 4670820, "tokens_per_second": 2905.45575981086}
{"stage": "pretrain", "step": 1390, "loss": 3.3787543078827196, "perplexity": 29.334206953805985, "token_accuracy": 0.3642878450006113, "grad_norm": 2.1881039142608643, "lr": 9.806501405851579e-05, "tokens": 4705090, "tokens_per_second": 2985.7185162999654}
{"stage": "pretrain", "step": 1400, "loss": 3.118310876380898, "perplexity": 22.608159396880637, "token_accuracy": 0.3945775183918414, "grad_norm": 1.8271654844284058, "lr": 9.80216101690461e-05, "tokens": 4739420, "tokens_per_second": 3026.9615310534828}
{"stage": "pretrain", "step": 1410, "loss": 3.3153394366129443, "perplexity": 27.53173767846888, "token_accuracy": 0.36385936485580606, "grad_norm": 2.311063528060913, "lr": 9.797773580214027e-05, "tokens": 4773908, "tokens_per_second": 3154.5971418117356}
{"stage": "pretrain", "step": 1420, "loss": 3.3617171492273714, "perplexity": 28.838668684347496, "token_accuracy": 0.36167997673169394, "grad_norm": 2.2991161346435547, "lr": 9.793339143760134e-05, "tokens": 4807238, "tokens_per_second": 2960.7884193399623}
{"stage": "pretrain", "step": 1430, "loss": 3.3640254415266697, "perplexity": 28.90531364963212, "token_accuracy": 0.36257309572622326, "grad_norm": 2.4921071529388428, "lr": 9.78885775603722e-05, "tokens": 4841607, "tokens_per_second": 2951.33576327774}
{"stage": "pretrain", "step": 1440, "loss": 3.352647771248306, "perplexity": 28.578302362598777, "token_accuracy": 0.36668860961372246, "grad_norm": 2.3882875442504883, "lr": 9.78432946605302e-05, "tokens": 4873820, "tokens_per_second": 3005.6506619683046}
{"stage": "pretrain", "step": 1450, "loss": 3.308956602531604, "perplexity": 27.356566802926515, "token_accuracy": 0.36707003635935265, "grad_norm": 2.9915246963500977, "lr": 9.779754323328192e-05, "tokens": 4906639, "tokens_per_second": 2978.586358190891}
{"stage": "pretrain", "step": 1460, "loss": 3.461997263005849, "perplexity": 31.880586886994656, "token_accuracy": 0.3606965191345178, "grad_norm": 2.361924171447754, "lr": 9.775132377895759e-05, "tokens": 4943611, "tokens_per_second": 3050.3960601248305}
{"stage": "pretrain", "step": 1470, "loss": 3.257195904477152, "perplexity": 25.976594069512615, "token_accuracy": 0.3744388726587374, "grad_norm": 2.070817470550537, "lr": 9.77046368030058e-05, "tokens": 4978294, "tokens_per_second": 3061.9319216899944}
{"stage": "pretrain", "step": 1480, "loss": 3.2121101746763783, "perplexity": 24.83142963228626, "token_accuracy": 0.3627277976936764, "grad_norm": 2.486452579498291, "lr": 9.765748281598781e-05, "tokens": 5009446, "tokens_per_second": 2996.434663184901}
{"stage": "pretrain", "step": 1490, "loss": 3.425777556101481, "perplexity": 30.746542721223996, "token_accuracy": 0.3584848482139183, "grad_norm": 2.71160626411438, "lr": 9.760986233357208e-05, "tokens": 5043717, "tokens_per_second": 3075.2537165868966}
{"stage": "pretrain", "step": 1500, "loss": 3.5230500465547756, "perplexity": 33.887629847998866, "token_accuracy": 0.35382984067159595, "grad_norm": 2.6994075775146484, "lr": 9.756177587652856e-05, "tokens": 5076881, "tokens_per_second": 2967.635666438321}
{"stage": "pretrain", "step": 1500, "validation": {"loss": 3.11767155163626, "perplexity": 22.59371006054878, "token_accuracy": 0.39752052152279305, "target_tokens": 17423.0}}
{"stage": "pretrain", "step": 1510, "loss": 3.1731569985653776, "perplexity": 23.882763315647114, "token_accuracy": 0.3865373266016575, "grad_norm": 2.1796228885650635, "lr": 9.751322397072307e-05, "tokens": 5111169, "tokens_per_second": 2560.402306848815}
{"stage": "pretrain", "step": 1520, "loss": 3.174504341161372, "perplexity": 23.914963267284413, "token_accuracy": 0.3780752477787338, "grad_norm": 2.835801601409912, "lr": 9.746420714711145e-05, "tokens": 5146940, "tokens_per_second": 2993.8301964544635}
{"stage": "pretrain", "step": 1530, "loss": 3.170360412723516, "perplexity": 23.816066423155753, "token_accuracy": 0.39052189872267723, "grad_norm": 2.3496041297912598, "lr": 9.741472594173384e-05, "tokens": 5181689, "tokens_per_second": 2990.512487984894}
{"stage": "pretrain", "step": 1540, "loss": 3.13035653263383, "perplexity": 22.88213631660493, "token_accuracy": 0.3803171414423433, "grad_norm": 2.4254322052001953, "lr": 9.736478089570876e-05, "tokens": 5215730, "tokens_per_second": 3056.2668070867485}
{"stage": "pretrain", "step": 1550, "loss": 3.2182611984223, "perplexity": 24.98463905995604, "token_accuracy": 0.3834586474543968, "grad_norm": 2.327589750289917, "lr": 9.731437255522727e-05, "tokens": 5249220, "tokens_per_second": 3057.94593490732}
{"stage": "pretrain", "step": 1560, "loss": 3.203922806677715, "perplexity": 24.628955575794755, "token_accuracy": 0.3949916456298955, "grad_norm": 2.6439247131347656, "lr": 9.726350147154684e-05, "tokens": 5283099, "tokens_per_second": 3106.1429279993044}
{"stage": "pretrain", "step": 1570, "loss": 3.218686519556091, "perplexity": 24.995267815125256, "token_accuracy": 0.3720190748690801, "grad_norm": 2.0734145641326904, "lr": 9.721216820098556e-05, "tokens": 5316452, "tokens_per_second": 3055.8060853186294}
{"stage": "pretrain", "step": 1580, "loss": 3.396675364484219, "perplexity": 29.864645752428988, "token_accuracy": 0.364267448754828, "grad_norm": 2.1285107135772705, "lr": 9.716037330491581e-05, "tokens": 5348596, "tokens_per_second": 3007.855660067651}
{"stage": "pretrain", "step": 1590, "loss": 3.310730061654387, "perplexity": 27.405125601686425, "token_accuracy": 0.35467980403838484, "grad_norm": 2.057487726211548, "lr": 9.71081173497583e-05, "tokens": 5382132, "tokens_per_second": 3057.112073484934}
{"stage": "pretrain", "step": 1600, "loss": 3.3946679834678894, "perplexity": 29.80475616021222, "token_accuracy": 0.37257617854428093, "grad_norm": 2.4625728130340576, "lr": 9.705540090697575e-05, "tokens": 5414945, "tokens_per_second": 3020.414244960644}
{"stage": "pretrain", "step": 1610, "loss": 3.3368023036281027, "perplexity": 28.129034626649222, "token_accuracy": 0.35401858225619615, "grad_norm": 2.6031246185302734, "lr": 9.700222455306675e-05, "tokens": 5448913, "tokens_per_second": 3067.4578094993044}
{"stage": "pretrain", "step": 1620, "loss": 3.358034023085573, "perplexity": 28.73264759419754, "token_accuracy": 0.3639674975311566, "grad_norm": 2.2211573123931885, "lr": 9.694858886955939e-05, "tokens": 5481319, "tokens_per_second": 3039.4843719309574}
{"stage": "pretrain", "step": 1630, "loss": 3.3643064979032737, "perplexity": 28.913438814112247, "token_accuracy": 0.37029360979538095, "grad_norm": 2.808354616165161, "lr": 9.689449444300493e-05, "tokens": 5516714, "tokens_per_second": 3044.714966316863}
{"stage": "pretrain", "step": 1640, "loss": 3.346078035346581, "perplexity": 28.39116585536138, "token_accuracy": 0.35740072865635336, "grad_norm": 2.4474542140960693, "lr": 9.683994186497132e-05, "tokens": 5549231, "tokens_per_second": 3025.601091109094}
{"stage": "pretrain", "step": 1650, "loss": 3.0575082851234185, "perplexity": 21.274481123203746, "token_accuracy": 0.40307102504681486, "grad_norm": 2.3216423988342285, "lr": 9.678493173203682e-05, "tokens": 5588457, "tokens_per_second": 2955.018800177005}
{"stage": "pretrain", "step": 1660, "loss": 3.2205632802803654, "perplexity": 25.04222199915566, "token_accuracy": 0.38479670780366776, "grad_norm": 2.4275991916656494, "lr": 9.672946464578345e-05, "tokens": 5619874, "tokens_per_second": 3046.644993361348}
{"stage": "pretrain", "step": 1670, "loss": 3.3004051802021075, "perplexity": 27.123626651030513, "token_accuracy": 0.38190365167713336, "grad_norm": 2.3119378089904785, "lr": 9.667354121279035e-05, "tokens": 5651874, "tokens_per_second": 3031.637296366869}
{"stage": "pretrain", "step": 1680, "loss": 3.0980580973091136, "perplexity": 22.154886847119432, "token_accuracy": 0.3985885230629457, "grad_norm": 2.64614200592041, "lr": 9.661716204462726e-05, "tokens": 5686009, "tokens_per_second": 2960.2165056650188}
{"stage": "pretrain", "step": 1690, "loss": 3.089972208102821, "perplexity": 21.97646719955938, "token_accuracy": 0.3905923262601945, "grad_norm": 2.5707457065582275, "lr": 9.656032775784769e-05, "tokens": 5720183, "tokens_per_second": 3053.8523192589123}
{"stage": "pretrain", "step": 1700, "loss": 3.2547709592063843, "perplexity": 25.913678564731462, "token_accuracy": 0.3765389890130991, "grad_norm": 2.427319288253784, "lr": 9.650303897398232e-05, "tokens": 5754696, "tokens_per_second": 3045.616988010784}
{"stage": "pretrain", "step": 1710, "loss": 3.2931448766326903, "perplexity": 26.92741403112882, "token_accuracy": 0.3836800095176697, "grad_norm": 2.351465940475464, "lr": 9.64452963195321e-05, "tokens": 5788076, "tokens_per_second": 3150.754122493376}
{"stage": "pretrain", "step": 1720, "loss": 3.0979097364855206, "perplexity": 22.151600173673, "token_accuracy": 0.3966942127747846, "grad_norm": 2.458383321762085, "lr": 9.638710042596146e-05, "tokens": 5821730, "tokens_per_second": 3193.0926658154654}
{"stage": "pretrain", "step": 1730, "loss": 3.346621830849887, "perplexity": 28.406609042274372, "token_accuracy": 0.3718607313845936, "grad_norm": 2.9482367038726807, "lr": 9.632845192969136e-05, "tokens": 5857700, "tokens_per_second": 3209.4296439916175}
{"stage": "pretrain", "step": 1740, "loss": 3.1332966574898, "perplexity": 22.949511651761295, "token_accuracy": 0.3827515386213267, "grad_norm": 2.392085552215576, "lr": 9.626935147209235e-05, "tokens": 5892427, "tokens_per_second": 3075.833046621313}
{"stage": "pretrain", "step": 1750, "loss": 3.1675851972342577, "perplexity": 23.75006333548263, "token_accuracy": 0.3915574987252206, "grad_norm": 2.238271951675415, "lr": 9.620979969947759e-05, "tokens": 5925868, "tokens_per_second": 3047.8392415501307}
{"stage": "pretrain", "step": 1750, "validation": {"loss": 3.0491292202150424, "perplexity": 21.096965610575335, "token_accuracy": 0.40475233696546087, "target_tokens": 17423.0}}
{"stage": "pretrain", "step": 1760, "loss": 3.1753863536641527, "perplexity": 23.93606586890088, "token_accuracy": 0.3890515273170812, "grad_norm": 2.683692455291748, "lr": 9.61497972630957e-05, "tokens": 5962370, "tokens_per_second": 2713.892943343293}
{"stage": "pretrain", "step": 1770, "loss": 3.1643437318542045, "perplexity": 23.673202964820163, "token_accuracy": 0.3854869219743566, "grad_norm": 2.494290828704834, "lr": 9.608934481912374e-05, "tokens": 5995378, "tokens_per_second": 3082.379881180646}
{"stage": "pretrain", "step": 1780, "loss": 3.0666803107801264, "perplexity": 21.47050882118543, "token_accuracy": 0.4073325638803406, "grad_norm": 2.243488073348999, "lr": 9.602844302865991e-05, "tokens": 6030075, "tokens_per_second": 3015.769001007268}
{"stage": "pretrain", "step": 1790, "loss": 3.070383627530177, "perplexity": 21.55016832728545, "token_accuracy": 0.393162388178358, "grad_norm": 2.1528000831604004, "lr": 9.596709255771647e-05, "tokens": 6062119, "tokens_per_second": 3096.141835916979}
{"stage": "pretrain", "step": 1800, "loss": 3.2805845028539546, "perplexity": 26.591310855468855, "token_accuracy": 0.3675746638578472, "grad_norm": 2.522914171218872, "lr": 9.590529407721231e-05, "tokens": 6094702, "tokens_per_second": 3055.314759126115}
{"stage": "pretrain", "step": 1810, "loss": 3.3866364465500647, "perplexity": 29.566336879027318, "token_accuracy": 0.3591747415945209, "grad_norm": 2.1235225200653076, "lr": 9.584304826296575e-05, "tokens": 6128014, "tokens_per_second": 3092.824849426657}
{"stage": "pretrain", "step": 1820, "loss": 3.1573049903049, "perplexity": 23.507158465206004, "token_accuracy": 0.3861607111341852, "grad_norm": 2.7988221645355225, "lr": 9.5780355795687e-05, "tokens": 6160834, "tokens_per_second": 3116.5907225307883}
{"stage": "pretrain", "step": 1830, "loss": 3.240947645091209, "perplexity": 25.557930122087786, "token_accuracy": 0.38823529214418234, "grad_norm": 2.272526979446411, "lr": 9.571721736097089e-05, "tokens": 6193945, "tokens_per_second": 3044.202660006353}
{"stage": "pretrain", "step": 1840, "loss": 3.1577924225414558, "perplexity": 23.518619405020612, "token_accuracy": 0.3740115927657015, "grad_norm": 2.7559597492218018, "lr": 9.565363364928918e-05, "tokens": 6226004, "tokens_per_second": 3003.0000269051284}
{"stage": "pretrain", "step": 1850, "loss": 3.389641282038697, "perplexity": 29.65531246890835, "token_accuracy": 0.37757892416627614, "grad_norm": 2.7288591861724854, "lr": 9.558960535598316e-05, "tokens": 6261223, "tokens_per_second": 3062.682850364849}
{"stage": "pretrain", "step": 1860, "loss": 3.23003057866173, "perplexity": 25.280430000861102, "token_accuracy": 0.3818181803360342, "grad_norm": 2.494368076324463, "lr": 9.552513318125601e-05, "tokens": 6294487, "tokens_per_second": 2964.544637283451}
{"stage": "pretrain", "step": 1870, "loss": 2.970295880602154, "perplexity": 19.497687730235757, "token_accuracy": 0.39623685891151955, "grad_norm": 2.4298532009124756, "lr": 9.546021783016508e-05, "tokens": 6328352, "tokens_per_second": 2866.7717809131163}
{"stage": "pretrain", "step": 1880, "loss": 3.0290363694006395, "perplexity": 20.67729770921715, "token_accuracy": 0.39709677353982004, "grad_norm": 2.7366244792938232, "lr": 9.539486001261425e-05, "tokens": 6363198, "tokens_per_second": 3033.1745739446046}
{"stage": "pretrain", "step": 1890, "loss": 3.0163563252054373, "perplexity": 20.41676394105957, "token_accuracy": 0.40703399075153707, "grad_norm": 2.8540403842926025, "lr": 9.532906044334616e-05, "tokens": 6398238, "tokens_per_second": 2998.9874424706413}
{"stage": "pretrain", "step": 1900, "loss": 2.9865090208265634, "perplexity": 19.816383020022048, "token_accuracy": 0.4046115834913246, "grad_norm": 2.432722330093384, "lr": 9.526281984193436e-05, "tokens": 6434084, "tokens_per_second": 3048.4546415728205}
{"stage": "pretrain", "step": 1910, "loss": 3.108035912104937, "perplexity": 22.377050716717953, "token_accuracy": 0.3892405002503318, "grad_norm": 2.391064167022705, "lr": 9.519613893277544e-05, "tokens": 6467863, "tokens_per_second": 2958.047619201449}
{"stage": "pretrain", "step": 1920, "loss": 3.10513306917595, "perplexity": 22.31218784218891, "token_accuracy": 0.4057419653563135, "grad_norm": 2.5891196727752686, "lr": 9.512901844508113e-05, "tokens": 6502832, "tokens_per_second": 2940.830005041376}
{"stage": "pretrain", "step": 1930, "loss": 3.1235779190262263, "perplexity": 22.72755168267445, "token_accuracy": 0.3856175059900115, "grad_norm": 2.013033628463745, "lr": 9.506145911287034e-05, "tokens": 6537086, "tokens_per_second": 2884.3048852137053}
{"stage": "pretrain", "step": 1940, "loss": 3.0839429642770426, "perplexity": 21.84436436067774, "token_accuracy": 0.3983278554672624, "grad_norm": 2.6856446266174316, "lr": 9.499346167496111e-05, "tokens": 6569581, "tokens_per_second": 3006.0301351206904}
{"stage": "pretrain", "step": 1950, "loss": 3.091723881133602, "perplexity": 22.014996519998633, "token_accuracy": 0.3926318416669457, "grad_norm": 2.8561840057373047, "lr": 9.492502687496253e-05, "tokens": 6600570, "tokens_per_second": 2947.3842115424172}
{"stage": "pretrain", "step": 1960, "loss": 3.0788771065398253, "perplexity": 21.73398374078254, "token_accuracy": 0.39690106553919124, "grad_norm": 2.172638416290283, "lr": 9.48561554612666e-05, "tokens": 6633679, "tokens_per_second": 2989.7637350769314}
{"stage": "pretrain", "step": 1970, "loss": 3.137971393125135, "perplexity": 23.057045702493035, "token_accuracy": 0.38803207942323137, "grad_norm": 2.392882823944092, "lr": 9.478684818704006e-05, "tokens": 6666926, "tokens_per_second": 2942.7723669289394}
{"stage": "pretrain", "step": 1980, "loss": 3.47132309400236, "perplexity": 32.17929051728001, "token_accuracy": 0.3589990378994187, "grad_norm": 2.875020980834961, "lr": 9.471710581021616e-05, "tokens": 6700404, "tokens_per_second": 3048.7249119647763}
{"stage": "pretrain", "step": 1990, "loss": 3.2093288255184977, "perplexity": 24.76246071417209, "token_accuracy": 0.38384755072057136, "grad_norm": 2.6998281478881836, "lr": 9.464692909348637e-05, "tokens": 6732190, "tokens_per_second": 611.3431978763908}
{"stage": "pretrain", "step": 2000, "loss": 2.8766460966164757, "perplexity": 17.7546259100224, "token_accuracy": 0.42305352758172077, "grad_norm": 3.0008301734924316, "lr": 9.4576318804292e-05, "tokens": 6766788, "tokens_per_second": 2897.1042110814305}
{"stage": "pretrain", "step": 2000, "validation": {"loss": 2.9949834471707337, "perplexity": 19.98502907834498, "token_accuracy": 0.40968834721131403, "target_tokens": 17423.0}}
{"stage": "pretrain", "step": 2010, "loss": 3.307225240639826, "perplexity": 27.30924366423489, "token_accuracy": 0.35587762754512486, "grad_norm": 2.479250431060791, "lr": 9.45052757148159e-05, "tokens": 6802413, "tokens_per_second": 2442.663166759247}
{"stage": "pretrain", "step": 2020, "loss": 3.106873535287791, "perplexity": 22.351055262912084, "token_accuracy": 0.3879310303720935, "grad_norm": 2.484647750854492, "lr": 9.443380060197387e-05, "tokens": 6835639, "tokens_per_second": 2942.870815271112}
{"stage": "pretrain", "step": 2030, "loss": 2.9190112230592278, "perplexity": 18.522963322989312, "token_accuracy": 0.4129959337043226, "grad_norm": 2.2275853157043457, "lr": 9.436189424740631e-05, "tokens": 6868184, "tokens_per_second": 2929.8249421869896}
{"stage": "pretrain", "step": 2040, "loss": 3.1610930976505176, "perplexity": 23.5963749790421, "token_accuracy": 0.3871387690810045, "grad_norm": 2.5642809867858887, "lr": 9.428955743746959e-05, "tokens": 6903537, "tokens_per_second": 2905.5430146438866}
{"stage": "pretrain", "step": 2050, "loss": 3.1045631283236683, "perplexity": 22.29947483800822, "token_accuracy": 0.39249928302864545, "grad_norm": 2.6728906631469727, "lr": 9.421679096322747e-05, "tokens": 6937485, "tokens_per_second": 2838.6016177550164}
{"stage": "pretrain", "step": 2060, "loss": 2.982487609894318, "perplexity": 19.73685321889157, "token_accuracy": 0.4103550272492262, "grad_norm": 2.2666382789611816, "lr": 9.414359562044249e-05, "tokens": 6972095, "tokens_per_second": 2824.1686955399136}
{"stage": "pretrain", "step": 2070, "loss": 3.2419909984355324, "perplexity": 25.58460998979897, "token_accuracy": 0.37518377183676116, "grad_norm": 2.7185025215148926, "lr": 9.406997220956713e-05, "tokens": 7006879, "tokens_per_second": 2771.1280485897914}
{"stage": "pretrain", "step": 2080, "loss": 3.223682156048599, "perplexity": 25.12044750293486, "token_accuracy": 0.3695333121037742, "grad_norm": 2.630540132522583, "lr": 9.399592153573528e-05, "tokens": 7039663, "tokens_per_second": 2781.0276927097134}
{"stage": "pretrain", "step": 2090, "loss": 3.094594725350202, "perplexity": 22.07828895332461, "token_accuracy": 0.40677966128971615, "grad_norm": 2.326650619506836, "lr": 9.392144440875319e-05, "tokens": 7072671, "tokens_per_second": 2820.8072109538043}
{"stage": "pretrain", "step": 2100, "loss": 3.1229694785192255, "perplexity": 22.713727525620794, "token_accuracy": 0.39178727092224513, "grad_norm": 2.574158191680908, "lr": 9.384654164309083e-05, "tokens": 7107476, "tokens_per_second": 2837.9392348117804}
{"stage": "pretrain", "step": 2110, "loss": 2.9531465269882813, "perplexity": 19.166165807061784, "token_accuracy": 0.4088520114847239, "grad_norm": 2.1785502433776855, "lr": 9.377121405787282e-05, "tokens": 7139884, "tokens_per_second": 2830.448229582804}
{"stage": "pretrain", "step": 2120, "loss": 3.1437271149285984, "perplexity": 23.190138297714636, "token_accuracy": 0.390741808060396, "grad_norm": 2.3965017795562744, "lr": 9.369546247686956e-05, "tokens": 7173172, "tokens_per_second": 2857.662698237141}
{"stage": "pretrain", "step": 2130, "loss": 3.180284192579845, "perplexity": 24.053588432158453, "token_accuracy": 0.3817973700280045, "grad_norm": 2.1277623176574707, "lr": 9.361928772848824e-05, "tokens": 7208550, "tokens_per_second": 2885.530522463965}
{"stage": "pretrain", "step": 2140, "loss": 3.0940672781998018, "perplexity": 22.066646893286066, "token_accuracy": 0.3896848174112688, "grad_norm": 2.6373376846313477, "lr": 9.354269064576366e-05, "tokens": 7244844, "tokens_per_second": 2887.401511857537}
{"stage": "pretrain", "step": 2150, "loss": 3.1278027122206087, "perplexity": 22.823774004932837, "token_accuracy": 0.3863270826298174, "grad_norm": 2.7060186862945557, "lr": 9.346567206634927e-05, "tokens": 7280066, "tokens_per_second": 2832.4502380444083}
{"stage": "pretrain", "step": 2160, "loss": 2.9480080325150158, "perplexity": 19.06793317006513, "token_accuracy": 0.4170888176201083, "grad_norm": 2.5682077407836914, "lr": 9.338823283250788e-05, "tokens": 7312508, "tokens_per_second": 3066.795870738415}
{"stage": "pretrain", "step": 2170, "loss": 2.8297805154961235, "perplexity": 16.941741966609758, "token_accuracy": 0.4185554547661487, "grad_norm": 2.7224888801574707, "lr": 9.331037379110262e-05, "tokens": 7345086, "tokens_per_second": 3027.421546621059}
{"stage": "pretrain", "step": 2180, "loss": 2.985593714701232, "perplexity": 19.798253261667085, "token_accuracy": 0.40349461460305797, "grad_norm": 2.6449365615844727, "lr": 9.323209579358741e-05, "tokens": 7378404, "tokens_per_second": 2919.77589008643}
{"stage": "pretrain", "step": 2190, "loss": 2.895298570016207, "perplexity": 18.088901438674686, "token_accuracy": 0.41572637123558853, "grad_norm": 2.8271236419677734, "lr": 9.315339969599793e-05, "tokens": 7413379, "tokens_per_second": 2962.189022905641}
{"stage": "pretrain", "step": 2200, "loss": 3.043033631179211, "perplexity": 20.968758324747547, "token_accuracy": 0.3974082156575953, "grad_norm": 2.361819267272949, "lr": 9.30742863589421e-05, "tokens": 7447638, "tokens_per_second": 2949.9828722322854}
{"stage": "pretrain", "step": 2210, "loss": 2.990523432674585, "perplexity": 19.896094032169795, "token_accuracy": 0.39518002052028833, "grad_norm": 3.194608449935913, "lr": 9.299475664759069e-05, "tokens": 7481596, "tokens_per_second": 2891.5737404169313}
{"stage": "pretrain", "step": 2220, "loss": 3.0216298412168197, "perplexity": 20.52471646711106, "token_accuracy": 0.4101048083803212, "grad_norm": 2.272442102432251, "lr": 9.291481143166785e-05, "tokens": 7516494, "tokens_per_second": 2849.9600925234354}
{"stage": "pretrain", "step": 2230, "loss": 3.038575176660032, "perplexity": 20.875478166621388, "token_accuracy": 0.4076417620729199, "grad_norm": 2.3892576694488525, "lr": 9.283445158544172e-05, "tokens": 7549657, "tokens_per_second": 2938.6866778389226}
{"stage": "pretrain", "step": 2240, "loss": 3.1438161101161253, "perplexity": 23.19220220025855, "token_accuracy": 0.40882917131778146, "grad_norm": 2.3698060512542725, "lr": 9.275367798771466e-05, "tokens": 7580736, "tokens_per_second": 2821.214463170554}
{"stage": "pretrain", "step": 2250, "loss": 3.0249667832607865, "perplexity": 20.593320656873267, "token_accuracy": 0.4062500047267124, "grad_norm": 2.430412530899048, "lr": 9.267249152181379e-05, "tokens": 7615305, "tokens_per_second": 2903.3678044983394}
{"stage": "pretrain", "step": 2250, "validation": {"loss": 2.955563107252819, "perplexity": 19.21253839406982, "token_accuracy": 0.41617402048969776, "target_tokens": 17423.0}}
{"stage": "pretrain", "step": 2260, "loss": 3.18842843093307, "perplexity": 24.250286480269438, "token_accuracy": 0.3814980428334786, "grad_norm": 2.933020830154419, "lr": 9.259089307558131e-05, "tokens": 7649362, "tokens_per_second": 2466.1469982351528}
{"stage": "pretrain", "step": 2270, "loss": 2.962138429647972, "perplexity": 19.33928326558671, "token_accuracy": 0.4109588964415704, "grad_norm": 2.1753969192504883, "lr": 9.250888354136475e-05, "tokens": 7681351, "tokens_per_second": 2999.680278753374}
{"stage": "pretrain", "step": 2280, "loss": 2.8832920608769492, "perplexity": 17.873015489976524, "token_accuracy": 0.425622343980839, "grad_norm": 2.7070095539093018, "lr": 9.242646381600722e-05, "tokens": 7716486, "tokens_per_second": 2907.537319874377}
{"stage": "pretrain", "step": 2290, "loss": 3.12116354315758, "perplexity": 22.67274501890491, "token_accuracy": 0.3899288224240516, "grad_norm": 2.270918369293213, "lr": 9.234363480083768e-05, "tokens": 7750473, "tokens_per_second": 2845.8443001193687}
{"stage": "pretrain", "step": 2300, "loss": 2.9393675836929876, "perplexity": 18.90388740448895, "token_accuracy": 0.4040735851658367, "grad_norm": 2.191511631011963, "lr": 9.226039740166091e-05, "tokens": 7784706, "tokens_per_second": 2886.056229363009}
{"stage": "pretrain", "step": 2310, "loss": 3.1115985422712296, "perplexity": 22.45691404992303, "token_accuracy": 0.3906490317823996, "grad_norm": 3.153249502182007, "lr": 9.21767525287478e-05, "tokens": 7817738, "tokens_per_second": 2902.237768699425}
{"stage": "pretrain", "step": 2320, "loss": 2.9443408003143987, "perplexity": 18.998134693379537, "token_accuracy": 0.40270083081854346, "grad_norm": 3.233471632003784, "lr": 9.20927010968253e-05, "tokens": 7849947, "tokens_per_second": 2997.2457278985607}
{"stage": "pretrain", "step": 2330, "loss": 3.0558181562100715, "perplexity": 21.238554876087512, "token_accuracy": 0.4089126538252873, "grad_norm": 2.7564377784729004, "lr": 9.200824402506635e-05, "tokens": 7883687, "tokens_per_second": 2880.158433910622}
{"stage": "pretrain", "step": 2340, "loss": 2.9103024974339444, "perplexity": 18.362352291431222, "token_accuracy": 0.41661971596764846, "grad_norm": 2.558363199234009, "lr": 9.192338223708001e-05, "tokens": 7915517, "tokens_per_second": 2912.664075434826}
{"stage": "pretrain", "step": 2350, "loss": 3.1873791217077514, "perplexity": 24.22485377666788, "token_accuracy": 0.3936623977514246, "grad_norm": 2.456350088119507, "lr": 9.183811666090118e-05, "tokens": 7950579, "tokens_per_second": 2894.3877410465666}
{"stage": "pretrain", "step": 2360, "loss": 2.9747695029679853, "perplexity": 19.585108419926083, "token_accuracy": 0.41914964495473056, "grad_norm": 2.2763195037841797, "lr": 9.17524482289805e-05, "tokens": 7984010, "tokens_per_second": 2911.374082905179}
{"stage": "pretrain", "step": 2370, "loss": 2.8694903557874274, "perplexity": 17.628031885690742, "token_accuracy": 0.42123845693114526, "grad_norm": 2.6830575466156006, "lr": 9.166637787817427e-05, "tokens": 8020781, "tokens_per_second": 2894.0129178921916}
{"stage": "pretrain", "step": 2380, "loss": 2.962141416862299, "perplexity": 19.339341036257046, "token_accuracy": 0.4120500402575949, "grad_norm": 2.473289966583252, "lr": 9.157990654973406e-05, "tokens": 8055269, "tokens_per_second": 2912.872213419943}
{"stage": "pretrain", "step": 2390, "loss": 2.8867906488531787, "perplexity": 17.93565531865121, "token_accuracy": 0.4166666650586277, "grad_norm": 2.6550848484039307, "lr": 9.149303518929641e-05, "tokens": 8088659, "tokens_per_second": 2947.0364555253905}
{"stage": "pretrain", "step": 2400, "loss": 2.9902040223853126, "perplexity": 19.889740029840468, "token_accuracy": 0.41048436306284514, "grad_norm": 2.619781255722046, "lr": 9.140576474687264e-05, "tokens": 8122209, "tokens_per_second": 2972.4255809819374}
{"stage": "pretrain", "step": 2410, "loss": 3.07546896635674, "perplexity": 21.66003735885139, "token_accuracy": 0.40953678191520215, "grad_norm": 2.5861198902130127, "lr": 9.131809617683833e-05, "tokens": 8154165, "tokens_per_second": 2868.913873587327}
{"stage": "pretrain", "step": 2420, "loss": 2.8145327555697537, "perplexity": 16.685377808846074, "token_accuracy": 0.41598472046318824, "grad_norm": 2.3699803352355957, "lr": 9.123003043792289e-05, "tokens": 8191260, "tokens_per_second": 2861.906376065961}
{"stage": "pretrain", "step": 2430, "loss": 3.1600573819501814, "perplexity": 23.571948494635524, "token_accuracy": 0.38929888848925576, "grad_norm": 2.6264312267303467, "lr": 9.114156849319913e-05, "tokens": 8225231, "tokens_per_second": 2916.295439172815}
{"stage": "pretrain", "step": 2440, "loss": 3.057222723057015, "perplexity": 21.26840680575114, "token_accuracy": 0.3953945600008971, "grad_norm": 2.7301502227783203, "lr": 9.105271131007274e-05, "tokens": 8258259, "tokens_per_second": 2948.4754876225547}
{"stage": "pretrain", "step": 2450, "loss": 2.9821481899645343, "perplexity": 19.7301552743301, "token_accuracy": 0.39685535217231177, "grad_norm": 2.75836181640625, "lr": 9.096345986027161e-05, "tokens": 8292961, "tokens_per_second": 2918.2765484691754}
{"stage": "pretrain", "step": 2460, "loss": 2.8759594890359064, "perplexity": 17.742439633356124, "token_accuracy": 0.4280012320677927, "grad_norm": 2.830397367477417, "lr": 9.087381511983533e-05, "tokens": 8327808, "tokens_per_second": 2879.294726687949}
{"stage": "pretrain", "step": 2470, "loss": 3.127087505907934, "perplexity": 22.807456133703287, "token_accuracy": 0.39790732744741514, "grad_norm": 2.9678919315338135, "lr": 9.078377806910436e-05, "tokens": 8362229, "tokens_per_second": 2867.0746893506007}
{"stage": "pretrain", "step": 2480, "loss": 2.9842182992997373, "perplexity": 19.771041157471814, "token_accuracy": 0.40771761870013357, "grad_norm": 2.530593156814575, "lr": 9.069334969270952e-05, "tokens": 8396039, "tokens_per_second": 2913.9952353923923}
{"stage": "pretrain", "step": 2490, "loss": 2.738673611032036, "perplexity": 15.466456947325929, "token_accuracy": 0.4358799483164596, "grad_norm": 2.3539323806762695, "lr": 9.060253097956099e-05, "tokens": 8428266, "tokens_per_second": 2957.0472836508716}
{"stage": "pretrain", "step": 2500, "loss": 2.9130925894845228, "perplexity": 18.413656483016076, "token_accuracy": 0.4176208635664168, "grad_norm": 3.274617910385132, "lr": 9.051132292283771e-05, "tokens": 8461682, "tokens_per_second": 3008.8229328616635}
{"stage": "pretrain", "step": 2500, "validation": {"loss": 2.905573029609264, "perplexity": 18.27571317702969, "token_accuracy": 0.42174137523491345, "target_tokens": 17423.0}}
{"stage": "pretrain", "step": 2510, "loss": 3.066354259826649, "perplexity": 21.463509482445183, "token_accuracy": 0.4024300414613491, "grad_norm": 2.38539457321167, "lr": 9.041972651997637e-05, "tokens": 8494160, "tokens_per_second": 2429.578595038496}
{"stage": "pretrain", "step": 2520, "loss": 2.9807669998422113, "perplexity": 19.70292298956388, "token_accuracy": 0.4007311561579645, "grad_norm": 2.8760669231414795, "lr": 9.032774277266055e-05, "tokens": 8528742, "tokens_per_second": 2859.086245174395}
{"stage": "pretrain", "step": 2530, "loss": 2.978933913450615, "perplexity": 19.66683891227672, "token_accuracy": 0.4157475437786357, "grad_norm": 2.7193262577056885, "lr": 9.023537268680978e-05, "tokens": 8561473, "tokens_per_second": 2854.4984663175283}
{"stage": "pretrain", "step": 2540, "loss": 2.998950911757073, "perplexity": 20.064476471616317, "token_accuracy": 0.40403005393232155, "grad_norm": 2.5944652557373047, "lr": 9.014261727256849e-05, "tokens": 8593938, "tokens_per_second": 2816.1288820093837}
{"stage": "pretrain", "step": 2550, "loss": 3.097345044482407, "perplexity": 22.1390948733526, "token_accuracy": 0.39767827115841764, "grad_norm": 2.721608877182007, "lr": 9.004947754429507e-05, "tokens": 8627192, "tokens_per_second": 2966.3344999336928}
{"stage": "pretrain", "step": 2560, "loss": 3.0830926524774145, "perplexity": 21.825797734735726, "token_accuracy": 0.38927653202054435, "grad_norm": 2.7584102153778076, "lr": 8.995595452055063e-05, "tokens": 8660227, "tokens_per_second": 2910.5600882186136}
{"stage": "pretrain", "step": 2570, "loss": 3.0602094857394695, "perplexity": 21.332025449114937, "token_accuracy": 0.3915625081770122, "grad_norm": 2.5413589477539062, "lr": 8.986204922408801e-05, "tokens": 8694421, "tokens_per_second": 2844.5355444731645}
{"stage": "pretrain", "step": 2580, "loss": 2.9857468981747015, "perplexity": 19.801286259166947, "token_accuracy": 0.4060412345152763, "grad_norm": 2.439962863922119, "lr": 8.976776268184046e-05, "tokens": 8729546, "tokens_per_second": 2893.733554730808}
{"stage": "pretrain", "step": 2590, "loss": 2.831623927554729, "perplexity": 16.97300138118361, "token_accuracy": 0.4347826126476993, "grad_norm": 2.4057977199554443, "lr": 8.967309592491052e-05, "tokens": 8763892, "tokens_per_second": 2918.988538223153}
{"stage": "pretrain", "step": 2600, "loss": 3.0641366522142697, "perplexity": 21.415964577884306, "token_accuracy": 0.4034183367448078, "grad_norm": 2.6560792922973633, "lr": 8.957804998855866e-05, "tokens": 8798855, "tokens_per_second": 2996.9151386032718}
{"stage": "pretrain", "step": 2610, "loss": 3.032981546038393, "perplexity": 20.759034427952685, "token_accuracy": 0.40438002025286846, "grad_norm": 2.3037734031677246, "lr": 8.948262591219203e-05, "tokens": 8830980, "tokens_per_second": 2940.1153079422006}
{"stage": "pretrain", "step": 2620, "loss": 3.159744272052519, "perplexity": 23.56456903960516, "token_accuracy": 0.3851308187597028, "grad_norm": 2.8175902366638184, "lr": 8.9386824739353e-05, "tokens": 8865974, "tokens_per_second": 2977.1219960919652}
{"stage": "pretrain", "step": 2630, "loss": 2.865349279836647, "perplexity": 17.555183805608532, "token_accuracy": 0.4325104279658014, "grad_norm": 2.6047279834747314, "lr": 8.929064751770789e-05, "tokens": 8901118, "tokens_per_second": 2883.9121903613686}
{"stage": "pretrain", "step": 2640, "loss": 2.9122233452665154, "perplexity": 18.397657473116652, "token_accuracy": 0.421883806645097, "grad_norm": 2.5659401416778564, "lr": 8.91940952990354e-05, "tokens": 8932914, "tokens_per_second": 2928.5750294762315}
{"stage": "pretrain", "step": 2650, "loss": 3.0293307496564585, "perplexity": 20.68338559343893, "token_accuracy": 0.41517707692430955, "grad_norm": 2.771031618118286, "lr": 8.909716913921508e-05, "tokens": 8967257, "tokens_per_second": 2896.1895914342836}
{"stage": "pretrain", "step": 2660, "loss": 2.934444972180808, "perplexity": 18.811059575846688, "token_accuracy": 0.40442852943271973, "grad_norm": 2.5517711639404297, "lr": 8.899987009821588e-05, "tokens": 8999959, "tokens_per_second": 2906.013351229498}
{"stage": "pretrain", "step": 2670, "loss": 2.9470012923467674, "perplexity": 19.048746375496275, "token_accuracy": 0.42070164933485305, "grad_norm": 2.5696375370025635, "lr": 8.890219924008456e-05, "tokens": 9033536, "tokens_per_second": 2905.2965536409547}
{"stage": "pretrain", "step": 2680, "loss": 3.0476145730094504, "perplexity": 21.065035338220124, "token_accuracy": 0.4025199012904964, "grad_norm": 2.467042922973633, "lr": 8.880415763293398e-05, "tokens": 9067843, "tokens_per_second": 2944.184979524276}
{"stage": "pretrain", "step": 2690, "loss": 2.909925796627219, "perplexity": 18.3554364811871, "token_accuracy": 0.41057635404598974, "grad_norm": 2.2605154514312744, "lr": 8.870574634893143e-05, "tokens": 9104710, "tokens_per_second": 2983.3358933768955}
{"stage": "pretrain", "step": 2700, "loss": 3.1080789822490273, "perplexity": 22.378014520272068, "token_accuracy": 0.39663866313565677, "grad_norm": 2.9418113231658936, "lr": 8.860696646428693e-05, "tokens": 9138426, "tokens_per_second": 2993.1699893046075}
{"stage": "pretrain", "step": 2710, "loss": 3.0714147235616784, "perplexity": 21.572400079892194, "token_accuracy": 0.4052665351998293, "grad_norm": 2.4988629817962646, "lr": 8.85078190592415e-05, "tokens": 9171983, "tokens_per_second": 2981.446678371252}
{"stage": "pretrain", "step": 2720, "loss": 2.796262245061225, "perplexity": 16.383295440957895, "token_accuracy": 0.43447037490629853, "grad_norm": 2.503032684326172, "lr": 8.840830521805525e-05, "tokens": 9207215, "tokens_per_second": 2960.161702208199}
{"stage": "pretrain", "step": 2730, "loss": 2.966923873803739, "perplexity": 19.432052118712253, "token_accuracy": 0.4142906232844182, "grad_norm": 2.5767667293548584, "lr": 8.830842602899563e-05, "tokens": 9240152, "tokens_per_second": 2942.8441513868165}
{"stage": "pretrain", "step": 2740, "loss": 3.001750892762912, "perplexity": 20.12073534976876, "token_accuracy": 0.412976314859459, "grad_norm": 2.466385841369629, "lr": 8.820818258432543e-05, "tokens": 9271142, "tokens_per_second": 2804.7162299486135}
{"stage": "pretrain", "step": 2750, "loss": 2.8838124896226143, "perplexity": 17.882319541847252, "token_accuracy": 0.4288864446169355, "grad_norm": 2.629676103591919, "lr": 8.810757598029093e-05, "tokens": 9304502, "tokens_per_second": 2788.067179684035}
{"stage": "pretrain", "step": 2750, "validation": {"loss": 2.8731809055559574, "perplexity": 17.69320921079004, "token_accuracy": 0.42478333332779034, "target_tokens": 17423.0}}
{"stage": "pretrain", "step": 2760, "loss": 2.9965583196504118, "perplexity": 20.016527747329185, "token_accuracy": 0.4019545999462487, "grad_norm": 2.6309475898742676, "lr": 8.800660731710981e-05, "tokens": 9337263, "tokens_per_second": 2418.9634389289813}
{"stage": "pretrain", "step": 2770, "loss": 2.89051610995024, "perplexity": 18.002598524520018, "token_accuracy": 0.4215772449446018, "grad_norm": 2.225321054458618, "lr": 8.790527769895917e-05, "tokens": 9369533, "tokens_per_second": 2859.428252358357}
{"stage": "pretrain", "step": 2780, "loss": 2.837711608932263, "perplexity": 17.076642753360638, "token_accuracy": 0.42324848860556985, "grad_norm": 2.5218684673309326, "lr": 8.780358823396352e-05, "tokens": 9405274, "tokens_per_second": 2971.2740331483947}
{"stage": "pretrain", "step": 2790, "loss": 3.097924683813276, "perplexity": 22.151931283375703, "token_accuracy": 0.39329609041773406, "grad_norm": 2.3508803844451904, "lr": 8.770154003418254e-05, "tokens": 9439005, "tokens_per_second": 2951.731235278329}
{"stage": "pretrain", "step": 2800, "loss": 3.072041629301543, "perplexity": 21.585928181304084, "token_accuracy": 0.39149333135528763, "grad_norm": 2.486503839492798, "lr": 8.759913421559902e-05, "tokens": 9474919, "tokens_per_second": 2972.88797964169}
{"stage": "pretrain", "step": 2810, "loss": 2.941929619617635, "perplexity": 18.952381938977876, "token_accuracy": 0.4196636449550441, "grad_norm": 3.0110838413238525, "lr": 8.749637189810654e-05, "tokens": 9510025, "tokens_per_second": 2901.3990963423507}
{"stage": "pretrain", "step": 2820, "loss": 3.0608164502256647, "perplexity": 21.344977161198177, "token_accuracy": 0.39715350826527457, "grad_norm": 2.4578139781951904, "lr": 8.739325420549735e-05, "tokens": 9546611, "tokens_per_second": 2921.108933568148}
{"stage": "pretrain", "step": 2830, "loss": 2.9366582514280064, "perplexity": 18.852739811609556, "token_accuracy": 0.41241620037584187, "grad_norm": 2.324331045150757, "lr": 8.728978226545003e-05, "tokens": 9580313, "tokens_per_second": 2916.103961077041}
{"stage": "pretrain", "step": 2840, "loss": 2.859149318129783, "perplexity": 17.446679048498737, "token_accuracy": 0.4342915871672072, "grad_norm": 3.2737905979156494, "lr": 8.718595720951716e-05, "tokens": 9613121, "tokens_per_second": 2873.4659930149883}
{"stage": "pretrain", "step": 2850, "loss": 2.641805006995357, "perplexity": 14.038520379874731, "token_accuracy": 0.4514498483329163, "grad_norm": 2.6555557250976562, "lr": 8.708178017311287e-05, "tokens": 9647462, "tokens_per_second": 2909.347552437599}
{"stage": "pretrain", "step": 2860, "loss": 2.8997998984984164, "perplexity": 18.17050905949231, "token_accuracy": 0.4145077715960809, "grad_norm": 2.216437578201294, "lr": 8.697725229550056e-05, "tokens": 9679070, "tokens_per_second": 2892.998328742111}
{"stage": "pretrain", "step": 2870, "loss": 2.9493904799720405, "perplexity": 19.09431181513105, "token_accuracy": 0.4030348959388791, "grad_norm": 2.27173113822937, "lr": 8.687237471978038e-05, "tokens": 9712463, "tokens_per_second": 2971.6634383136366}
{"stage": "pretrain", "step": 2880, "loss": 2.756829498318515, "perplexity": 15.749828846418211, "token_accuracy": 0.4284748861544786, "grad_norm": 2.5822510719299316, "lr": 8.676714859287666e-05, "tokens": 9745865, "tokens_per_second": 3013.616895314838}
{"stage": "pretrain", "step": 2890, "loss": 2.7194894399790637, "perplexity": 15.172573757512964, "token_accuracy": 0.4347345090083844, "grad_norm": 2.490762233734131, "lr": 8.666157506552547e-05, "tokens": 9781483, "tokens_per_second": 2986.6215384946727}
{"stage": "pretrain", "step": 2900, "loss": 2.8486176225791953, "perplexity": 17.263900111879796, "token_accuracy": 0.4163434143858052, "grad_norm": 2.583441972732544, "lr": 8.655565529226198e-05, "tokens": 9814409, "tokens_per_second": 3039.546235078933}
{"stage": "pretrain", "step": 2910, "loss": 2.9720624731090433, "perplexity": 19.532162641876035, "token_accuracy": 0.41754505397997027, "grad_norm": 2.5881526470184326, "lr": 8.64493904314079e-05, "tokens": 9849060, "tokens_per_second": 3019.164484940471}
{"stage": "pretrain", "step": 2920, "loss": 2.9677663936589744, "perplexity": 19.448430907208632, "token_accuracy": 0.42653871357717077, "grad_norm": 2.4408857822418213, "lr": 8.63427816450587e-05, "tokens": 9882553, "tokens_per_second": 2948.828236564182}
{"stage": "pretrain", "step": 2930, "loss": 2.973974844507682, "perplexity": 19.56955113000894, "token_accuracy": 0.40384615529806184, "grad_norm": 2.939115047454834, "lr": 8.623583009907099e-05, "tokens": 9914475, "tokens_per_second": 2912.0251939243235}
{"stage": "pretrain", "step": 2940, "loss": 2.823526441667624, "perplexity": 16.836117696834965, "token_accuracy": 0.43435155469345255, "grad_norm": 2.7518012523651123, "lr": 8.612853696304972e-05, "tokens": 9948707, "tokens_per_second": 2990.7104030304645}
{"stage": "pretrain", "step": 2950, "loss": 3.0679754390244067, "perplexity": 21.498333898211012, "token_accuracy": 0.4025423772040526, "grad_norm": 2.853757381439209, "lr": 8.602090341033547e-05, "tokens": 9982285, "tokens_per_second": 2985.2323846941035}
{"stage": "pretrain", "step": 2960, "loss": 2.9145368027549257, "perplexity": 18.44026894247346, "token_accuracy": 0.41453344733991343, "grad_norm": 2.436723232269287, "lr": 8.591293061799151e-05, "tokens": 10015688, "tokens_per_second": 2969.452385977803}
{"stage": "pretrain", "step": 2970, "loss": 2.9222654529657244, "perplexity": 18.583339489873865, "token_accuracy": 0.4073533673379663, "grad_norm": 2.578120708465576, "lr": 8.5804619766791e-05, "tokens": 10049879, "tokens_per_second": 3077.5316787993743}
{"stage": "pretrain", "step": 2980, "loss": 2.8857893015174287, "perplexity": 17.917704486991614, "token_accuracy": 0.42130014426480683, "grad_norm": 2.3599839210510254, "lr": 8.569597204120405e-05, "tokens": 10083797, "tokens_per_second": 3028.1282433447095}
{"stage": "pretrain", "step": 2990, "loss": 2.961118274443025, "perplexity": 19.319564255039168, "token_accuracy": 0.40067253554354537, "grad_norm": 2.6683883666992188, "lr": 8.55869886293848e-05, "tokens": 10119257, "tokens_per_second": 2945.0842906815005}
{"stage": "pretrain", "step": 3000, "loss": 2.9601727881089652, "perplexity": 19.30130650364337, "token_accuracy": 0.4047404729475891, "grad_norm": 2.5965678691864014, "lr": 8.547767072315835e-05, "tokens": 10153720, "tokens_per_second": 2985.7296201580925}
{"stage": "pretrain", "step": 3000, "validation": {"loss": 2.8426630767240306, "perplexity": 17.161406880187023, "token_accuracy": 0.4286288240692382, "target_tokens": 17423.0}}
{"stage": "pretrain", "step": 3010, "loss": 2.867268902746196, "perplexity": 17.58891550433565, "token_accuracy": 0.41234730628308935, "grad_norm": 2.5959527492523193, "lr": 8.536801951800784e-05, "tokens": 10187030, "tokens_per_second": 2551.324589092267}
{"stage": "pretrain", "step": 3020, "loss": 2.8986609964140317, "perplexity": 18.14982640884271, "token_accuracy": 0.41779610653378785, "grad_norm": 2.7791454792022705, "lr": 8.525803621306125e-05, "tokens": 10222272, "tokens_per_second": 3024.323600377113}
{"stage": "pretrain", "step": 3030, "loss": 2.9451582613089173, "perplexity": 19.013671276870298, "token_accuracy": 0.40675920310981606, "grad_norm": 2.9779908657073975, "lr": 8.514772201107842e-05, "tokens": 10255864, "tokens_per_second": 3025.8617210799157}
{"stage": "pretrain", "step": 3040, "loss": 2.916468435246415, "perplexity": 18.475923189479428, "token_accuracy": 0.4143320621378265, "grad_norm": 2.428128957748413, "lr": 8.503707811843776e-05, "tokens": 10290198, "tokens_per_second": 3066.397381531758}
{"stage": "pretrain", "step": 3050, "loss": 3.0547840561407122, "perplexity": 21.216603436965592, "token_accuracy": 0.39858072705342174, "grad_norm": 2.3916616439819336, "lr": 8.492610574512317e-05, "tokens": 10325922, "tokens_per_second": 2945.821843354236}
{"stage": "pretrain", "step": 3060, "loss": 2.846295075195869, "perplexity": 17.22385041251427, "token_accuracy": 0.42187939005346153, "grad_norm": 2.2452805042266846, "lr": 8.481480610471074e-05, "tokens": 10359440, "tokens_per_second": 2978.5637638337225}
{"stage": "pretrain", "step": 3070, "loss": 2.7534462103258206, "perplexity": 15.696632679314934, "token_accuracy": 0.4395746095715282, "grad_norm": 2.831181287765503, "lr": 8.470318041435551e-05, "tokens": 10391782, "tokens_per_second": 2967.6196239234137}
{"stage": "pretrain", "step": 3080, "loss": 2.8013457698318867, "perplexity": 16.46679237872063, "token_accuracy": 0.4272821893173967, "grad_norm": 2.5696096420288086, "lr": 8.459122989477812e-05, "tokens": 10425915, "tokens_per_second": 3059.342075260863}
{"stage": "pretrain", "step": 3090, "loss": 2.8898525872543885, "perplexity": 17.990657353871672, "token_accuracy": 0.4240261737945141, "grad_norm": 2.7703707218170166, "lr": 8.447895577025152e-05, "tokens": 10461586, "tokens_per_second": 3042.887858073781}
{"stage": "pretrain", "step": 3100, "loss": 2.871951435597915, "perplexity": 17.67146930862082, "token_accuracy": 0.42569832744378616, "grad_norm": 2.9319467544555664, "lr": 8.436635926858759e-05, "tokens": 10494008, "tokens_per_second": 3009.39100502916}
{"stage": "pretrain", "step": 3110, "loss": 2.9539229880541327, "perplexity": 19.181053367650232, "token_accuracy": 0.40697273327064054, "grad_norm": 3.0365848541259766, "lr": 8.425344162112359e-05, "tokens": 10526637, "tokens_per_second": 3047.857486082695}
{"stage": "pretrain", "step": 3120, "loss": 2.8511768240572026, "perplexity": 17.30813849388361, "token_accuracy": 0.4237246131575184, "grad_norm": 2.6906661987304688, "lr": 8.414020406270885e-05, "tokens": 10561381, "tokens_per_second": 2979.0266923729546}
{"stage": "pretrain", "step": 3130, "loss": 2.75164094048288, "perplexity": 15.66832158397539, "token_accuracy": 0.42716320048352585, "grad_norm": 2.413731336593628, "lr": 8.402664783169115e-05, "tokens": 10596064, "tokens_per_second": 3012.1544446815274}
{"stage": "pretrain", "step": 3140, "loss": 2.98002743528217, "perplexity": 19.688356792976887, "token_accuracy": 0.41266846110557287, "grad_norm": 2.6296558380126953, "lr": 8.391277416990325e-05, "tokens": 10629620, "tokens_per_second": 3024.186508301338}
{"stage": "pretrain", "step": 3150, "loss": 2.8766181403679236, "perplexity": 17.75412956422553, "token_accuracy": 0.4159364644744049, "grad_norm": 2.46431565284729, "lr": 8.379858432264925e-05, "tokens": 10662319, "tokens_per_second": 3035.5781653948984}
{"stage": "pretrain", "step": 3160, "loss": 3.1525738772659975, "perplexity": 23.396206112303254, "token_accuracy": 0.3922584600217529, "grad_norm": 2.903576374053955, "lr": 8.368407953869104e-05, "tokens": 10696028, "tokens_per_second": 3065.0315231493832}
{"stage": "pretrain", "step": 3170, "loss": 2.92376505770848, "perplexity": 18.61122805959848, "token_accuracy": 0.41757761364844254, "grad_norm": 2.6181349754333496, "lr": 8.356926107023459e-05, "tokens": 10731166, "tokens_per_second": 3031.6872630025696}
{"stage": "pretrain", "step": 3180, "loss": 2.8582334112647354, "perplexity": 17.43070683103432, "token_accuracy": 0.41258278366745704, "grad_norm": 2.7887814044952393, "lr": 8.345413017291629e-05, "tokens": 10764095, "tokens_per_second": 2975.6764250957085}
{"stage": "pretrain", "step": 3190, "loss": 2.684888336932073, "perplexity": 14.65656469190681, "token_accuracy": 0.4324590162761876, "grad_norm": 2.4721415042877197, "lr": 8.333868810578917e-05, "tokens": 10796059, "tokens_per_second": 3008.3393611304655}
{"stage": "pretrain", "step": 3200, "loss": 2.955283301205269, "perplexity": 19.207163361656733, "token_accuracy": 0.41844966792299304, "grad_norm": 2.7683005332946777, "lr": 8.322293613130917e-05, "tokens": 10829781, "tokens_per_second": 3068.855159152818}
{"stage": "pretrain", "step": 3210, "loss": 2.8258774643875215, "perplexity": 16.875746357742855, "token_accuracy": 0.4260458274191594, "grad_norm": 2.348823308944702, "lr": 8.310687551532136e-05, "tokens": 10865659, "tokens_per_second": 3015.849752986281}
{"stage": "pretrain", "step": 3220, "loss": 2.8455426909353423, "perplexity": 17.210896332392313, "token_accuracy": 0.4211956538098014, "grad_norm": 2.4406368732452393, "lr": 8.299050752704604e-05, "tokens": 10898881, "tokens_per_second": 3063.819728768473}
{"stage": "pretrain", "step": 3230, "loss": 2.9075360638968717, "perplexity": 18.311624264442678, "token_accuracy": 0.41376060459024305, "grad_norm": 2.790776252746582, "lr": 8.287383343906488e-05, "tokens": 10932395, "tokens_per_second": 2943.7962186735194}
{"stage": "pretrain", "step": 3240, "loss": 3.0253342227961664, "perplexity": 20.60088884738841, "token_accuracy": 0.39097998981234905, "grad_norm": 2.8064050674438477, "lr": 8.2756854527307e-05, "tokens": 10967047, "tokens_per_second": 2944.1976567798256}
{"stage": "pretrain", "step": 3250, "loss": 2.75750753193409, "perplexity": 15.76051138096514, "token_accuracy": 0.4259371278309764, "grad_norm": 2.6012892723083496, "lr": 8.263957207103507e-05, "tokens": 11000593, "tokens_per_second": 3010.4670401403605}
{"stage": "pretrain", "step": 3250, "validation": {"loss": 2.818954699952054, "perplexity": 16.75932299176644, "token_accuracy": 0.4316707811751473, "target_tokens": 17423.0}}
{"stage": "pretrain", "step": 3260, "loss": 2.887578355292955, "perplexity": 17.949788915679214, "token_accuracy": 0.4225555213239718, "grad_norm": 2.387261390686035, "lr": 8.25219873528312e-05, "tokens": 11033818, "tokens_per_second": 2598.975972396625}
{"stage": "pretrain", "step": 3270, "loss": 2.827700370061593, "perplexity": 16.906537307504603, "token_accuracy": 0.4243169404199866, "grad_norm": 2.5625252723693848, "lr": 8.240410165858306e-05, "tokens": 11068332, "tokens_per_second": 3068.1885601729464}
{"stage": "pretrain", "step": 3280, "loss": 2.812125721058556, "perplexity": 16.645263825866262, "token_accuracy": 0.4290303678173467, "grad_norm": 2.467303991317749, "lr": 8.228591627746971e-05, "tokens": 11103295, "tokens_per_second": 2978.9941419161223}
{"stage": "pretrain", "step": 3290, "loss": 2.847504529993977, "perplexity": 17.244694483477538, "token_accuracy": 0.43752237742535327, "grad_norm": 2.811676502227783, "lr": 8.216743250194753e-05, "tokens": 11135003, "tokens_per_second": 3082.5676773923956}
{"stage": "pretrain", "step": 3300, "loss": 2.9901603203193816, "perplexity": 19.888870826103474, "token_accuracy": 0.415747555511474, "grad_norm": 2.958948850631714, "lr": 8.204865162773613e-05, "tokens": 11166931, "tokens_per_second": 3135.822100823451}
{"stage": "pretrain", "step": 3310, "loss": 3.052776857466954, "perplexity": 21.174060209323653, "token_accuracy": 0.3917692766337138, "grad_norm": 2.8289477825164795, "lr": 8.192957495380411e-05, "tokens": 11199877, "tokens_per_second": 2964.1100547816873}
{"stage": "pretrain", "step": 3320, "loss": 2.7622254730690092, "perplexity": 15.835044228458328, "token_accuracy": 0.4354166608658575, "grad_norm": 2.992344379425049, "lr": 8.181020378235487e-05, "tokens": 11234144, "tokens_per_second": 3005.631782620023}
{"stage": "pretrain", "step": 3330, "loss": 2.89847377869475, "perplexity": 18.146428757797253, "token_accuracy": 0.430094425494156, "grad_norm": 2.4173333644866943, "lr": 8.169053941881247e-05, "tokens": 11267208, "tokens_per_second": 3076.673344374689}
{"stage": "pretrain", "step": 3340, "loss": 2.8047144246483735, "perplexity": 16.522356854403913, "token_accuracy": 0.42731505891417076, "grad_norm": 2.5279603004455566, "lr": 8.157058317180717e-05, "tokens": 11301470, "tokens_per_second": 3013.129086209159}
{"stage": "pretrain", "step": 3350, "loss": 2.8066649321656465, "perplexity": 16.55461528558054, "token_accuracy": 0.42410136435979523, "grad_norm": 2.5968899726867676, "lr": 8.14503363531613e-05, "tokens": 11336031, "tokens_per_second": 2967.099105608302}
{"stage": "pretrain", "step": 3360, "loss": 2.787802781823492, "perplexity": 16.24528612087062, "token_accuracy": 0.4299634567004754, "grad_norm": 2.6275157928466797, "lr": 8.132980027787478e-05, "tokens": 11370450, "tokens_per_second": 3015.3470084807686}
{"stage": "pretrain", "step": 3370, "loss": 2.9307377813974167, "perplexity": 18.741452492249692, "token_accuracy": 0.41316433625007065, "grad_norm": 3.2493045330047607, "lr": 8.120897626411082e-05, "tokens": 11405737, "tokens_per_second": 2987.7903061376696}
{"stage": "pretrain", "step": 3380, "loss": 2.6654741775679898, "perplexity": 14.374764120901064, "token_accuracy": 0.4424860830209693, "grad_norm": 2.9718198776245117, "lr": 8.108786563318149e-05, "tokens": 11439741, "tokens_per_second": 3068.1640810588365}
{"stage": "pretrain", "step": 3390, "loss": 2.8249976217968187, "perplexity": 16.860904887383708, "token_accuracy": 0.43069449214466504, "grad_norm": 2.6426689624786377, "lr": 8.096646970953326e-05, "tokens": 11475255, "tokens_per_second": 3018.1408425004993}
{"stage": "pretrain", "step": 3400, "loss": 2.860960693765738, "perplexity": 17.4783101771347, "token_accuracy": 0.42342073816686193, "grad_norm": 2.50319242477417, "lr": 8.084478982073247e-05, "tokens": 11507221, "tokens_per_second": 3011.2474368482203}
{"stage": "pretrain", "step": 3410, "loss": 2.8709243419469104, "perplexity": 17.653328372504937, "token_accuracy": 0.4128317123677533, "grad_norm": 3.1351494789123535, "lr": 8.07228272974509e-05, "tokens": 11539779, "tokens_per_second": 3024.9032308729943}
{"stage": "pretrain", "step": 3420, "loss": 2.874051335686783, "perplexity": 17.708616617760963, "token_accuracy": 0.41352633181759507, "grad_norm": 2.466379165649414, "lr": 8.060058347345116e-05, "tokens": 11575372, "tokens_per_second": 3078.0461873648633}
{"stage": "pretrain", "step": 3430, "loss": 2.7983392050032028, "perplexity": 16.41735825060702, "token_accuracy": 0.4230448201344334, "grad_norm": 2.8007140159606934, "lr": 8.047805968557214e-05, "tokens": 11608232, "tokens_per_second": 3018.7796317661314}
{"stage": "pretrain", "step": 3440, "loss": 3.0031305870580556, "perplexity": 20.14851497283199, "token_accuracy": 0.3962895332624877, "grad_norm": 2.9880964756011963, "lr": 8.035525727371436e-05, "tokens": 11641444, "tokens_per_second": 3022.7946152312034}
{"stage": "pretrain", "step": 3450, "loss": 2.875920418211093, "perplexity": 17.74174643514745, "token_accuracy": 0.418546362321246, "grad_norm": 2.585344076156616, "lr": 8.023217758082529e-05, "tokens": 11675026, "tokens_per_second": 3064.6539699300033}
{"stage": "pretrain", "step": 3460, "loss": 2.8161499035555018, "perplexity": 16.71238236325636, "token_accuracy": 0.42281697961600223, "grad_norm": 2.738417863845825, "lr": 8.010882195288474e-05, "tokens": 11709174, "tokens_per_second": 2986.3169038199535}
{"stage": "pretrain", "step": 3470, "loss": 2.8430241063731687, "perplexity": 17.167603775455845, "token_accuracy": 0.4197742031977024, "grad_norm": 2.5678300857543945, "lr": 7.998519173889009e-05, "tokens": 11744297, "tokens_per_second": 3034.8303301857004}
{"stage": "pretrain", "step": 3480, "loss": 2.780447181511127, "perplexity": 16.126230688084057, "token_accuracy": 0.4315539058337252, "grad_norm": 2.739581823348999, "lr": 7.986128829084161e-05, "tokens": 11776681, "tokens_per_second": 3058.824067116789}
{"stage": "pretrain", "step": 3490, "loss": 2.7928639489488183, "perplexity": 16.327714645242647, "token_accuracy": 0.4144271632569514, "grad_norm": 3.508617877960205, "lr": 7.973711296372748e-05, "tokens": 11809562, "tokens_per_second": 2964.7002837992513}
{"stage": "pretrain", "step": 3500, "loss": 2.627528352281438, "perplexity": 13.839521173235347, "token_accuracy": 0.45640501136122624, "grad_norm": 2.7530558109283447, "lr": 7.961266711550922e-05, "tokens": 11841413, "tokens_per_second": 2987.141285516893}
{"stage": "pretrain", "step": 3500, "validation": {"loss": 2.795717653174259, "perplexity": 16.374375660219545, "token_accuracy": 0.4348849218683183, "target_tokens": 17423.0}}
{"stage": "pretrain", "step": 3510, "loss": 2.7934745175943365, "perplexity": 16.33768687991511, "token_accuracy": 0.4319262792855749, "grad_norm": 2.8041038513183594, "lr": 7.948795210710669e-05, "tokens": 11874450, "tokens_per_second": 2589.7159458723213}
{"stage": "pretrain", "step": 3520, "loss": 2.7628368052790204, "perplexity": 15.844727660637552, "token_accuracy": 0.4277577925232246, "grad_norm": 2.903884172439575, "lr": 7.936296930238321e-05, "tokens": 11909596, "tokens_per_second": 3173.945088563239}
{"stage": "pretrain", "step": 3530, "loss": 2.720205590623625, "perplexity": 15.183443497710222, "token_accuracy": 0.43492696252200075, "grad_norm": 2.8977577686309814, "lr": 7.923772006813075e-05, "tokens": 11943165, "tokens_per_second": 3015.2189975410765}
{"stage": "pretrain", "step": 3540, "loss": 2.667023207334465, "perplexity": 14.397048313393249, "token_accuracy": 0.45368956565553603, "grad_norm": 2.6040163040161133, "lr": 7.911220577405484e-05, "tokens": 11977856, "tokens_per_second": 3016.556196295948}
{"stage": "pretrain", "step": 3550, "loss": 2.7650253055962604, "perplexity": 15.879441824273117, "token_accuracy": 0.4222075863904223, "grad_norm": 2.463864803314209, "lr": 7.898642779275972e-05, "tokens": 12013040, "tokens_per_second": 3000.4187904625687}
{"stage": "pretrain", "step": 3560, "loss": 2.7649040678816457, "perplexity": 15.87751675373492, "token_accuracy": 0.44527649700916305, "grad_norm": 2.5381035804748535, "lr": 7.886038749973323e-05, "tokens": 12049021, "tokens_per_second": 3045.7521686630635}
{"stage": "pretrain", "step": 3570, "loss": 2.8493349166489574, "perplexity": 17.27628784734447, "token_accuracy": 0.43470730785064976, "grad_norm": 2.7900829315185547, "lr": 7.87340862733318e-05, "tokens": 12083013, "tokens_per_second": 3064.7144241275114}
{"stage": "pretrain", "step": 3580, "loss": 2.6102881630388692, "perplexity": 13.60297016032293, "token_accuracy": 0.4444089488004343, "grad_norm": 2.970266580581665, "lr": 7.860752549476542e-05, "tokens": 12116695, "tokens_per_second": 3083.608584227472}
{"stage": "pretrain", "step": 3590, "loss": 2.844754432228605, "perplexity": 17.197335039113494, "token_accuracy": 0.4306418240969437, "grad_norm": 2.8690273761749268, "lr": 7.848070654808249e-05, "tokens": 12152888, "tokens_per_second": 3074.5448231317014}
{"stage": "pretrain", "step": 3600, "loss": 2.723720383894142, "perplexity": 15.236904059113357, "token_accuracy": 0.44478716968313403, "grad_norm": 2.604367256164551, "lr": 7.835363082015468e-05, "tokens": 12186992, "tokens_per_second": 3010.5145180296363}
{"stage": "pretrain", "step": 3610, "loss": 2.8236267336491596, "perplexity": 16.83780630911587, "token_accuracy": 0.41708907505149806, "grad_norm": 2.776167154312134, "lr": 7.822629970066181e-05, "tokens": 12222613, "tokens_per_second": 2993.9083099469008}
{"stage": "pretrain", "step": 3620, "loss": 2.6820939579707375, "perplexity": 14.615665865909138, "token_accuracy": 0.4477229000686299, "grad_norm": 2.8408453464508057, "lr": 7.809871458207661e-05, "tokens": 12256036, "tokens_per_second": 3098.7863942024874}
{"stage": "pretrain", "step": 3630, "loss": 2.8304951543398933, "perplexity": 16.953853520678262, "token_accuracy": 0.4235230705343812, "grad_norm": 2.8581414222717285, "lr": 7.797087685964948e-05, "tokens": 12288907, "tokens_per_second": 3089.618290083913}
{"stage": "pretrain", "step": 3640, "loss": 2.8824566258257955, "perplexity": 17.858089981880802, "token_accuracy": 0.4236809108312705, "grad_norm": 3.136335849761963, "lr": 7.784278793139327e-05, "tokens": 12322323, "tokens_per_second": 3016.7117588189844}
{"stage": "pretrain", "step": 3650, "loss": 2.686820157555659, "perplexity": 14.684905912112454, "token_accuracy": 0.4496644294885314, "grad_norm": 2.773622751235962, "lr": 7.771444919806798e-05, "tokens": 12357885, "tokens_per_second": 3030.560709284879}
{"stage": "pretrain", "step": 3660, "loss": 2.7295892435286393, "perplexity": 15.326590230651128, "token_accuracy": 0.43646888046292254, "grad_norm": 2.909223794937134, "lr": 7.758586206316541e-05, "tokens": 12392517, "tokens_per_second": 3012.4233384887752}
{"stage": "pretrain", "step": 3670, "loss": 2.6682154990489186, "perplexity": 14.4142240320087, "token_accuracy": 0.4519607825216904, "grad_norm": 2.612863540649414, "lr": 7.745702793289393e-05, "tokens": 12428394, "tokens_per_second": 3043.5245714648518}
{"stage": "pretrain", "step": 3680, "loss": 2.816366823386806, "perplexity": 16.716008003641726, "token_accuracy": 0.4256684493784811, "grad_norm": 2.9569172859191895, "lr": 7.73279482161629e-05, "tokens": 12460452, "tokens_per_second": 3046.5463452976906}
{"stage": "pretrain", "step": 3690, "loss": 2.7066517684153255, "perplexity": 14.979038169966984, "token_accuracy": 0.44545454557599695, "grad_norm": 2.6463358402252197, "lr": 7.719862432456743e-05, "tokens": 12493360, "tokens_per_second": 2936.0806427287453}
{"stage": "pretrain", "step": 3700, "loss": 2.913951425714257, "perplexity": 18.429477591223566, "token_accuracy": 0.42191358101036813, "grad_norm": 2.7344088554382324, "lr": 7.706905767237288e-05, "tokens": 12526917, "tokens_per_second": 3021.7487488718625}
{"stage": "pretrain", "step": 3710, "loss": 2.7087321884908024, "perplexity": 15.010233299923, "token_accuracy": 0.42908012064875767, "grad_norm": 2.554704427719116, "lr": 7.69392496764994e-05, "tokens": 12560535, "tokens_per_second": 3063.372135456834}
{"stage": "pretrain", "step": 3720, "loss": 2.742061668248809, "perplexity": 15.518947057942409, "token_accuracy": 0.4316797225344586, "grad_norm": 2.719665288925171, "lr": 7.680920175650643e-05, "tokens": 12595138, "tokens_per_second": 3020.5045565246305}
{"stage": "pretrain", "step": 3730, "loss": 2.8746379247761427, "perplexity": 17.71900734630265, "token_accuracy": 0.424784044921842, "grad_norm": 2.4671170711517334, "lr": 7.667891533457719e-05, "tokens": 12628550, "tokens_per_second": 2996.6435033053217}
{"stage": "pretrain", "step": 3740, "loss": 2.7582679954605487, "perplexity": 15.772501233373605, "token_accuracy": 0.4365159155535738, "grad_norm": 2.471621036529541, "lr": 7.654839183550313e-05, "tokens": 12660092, "tokens_per_second": 3020.5544029978137}
{"stage": "pretrain", "step": 3750, "loss": 2.7662992776595, "perplexity": 15.899684681216337, "token_accuracy": 0.4351713792666593, "grad_norm": 2.668281316757202, "lr": 7.641763268666831e-05, "tokens": 12692141, "tokens_per_second": 2962.4812530990944}
{"stage": "pretrain", "step": 3750, "validation": {"loss": 2.7680783992395783, "perplexity": 15.927997331704761, "token_accuracy": 0.437754692373036, "target_tokens": 17423.0}}
{"stage": "pretrain", "step": 3760, "loss": 2.847906237456696, "perplexity": 17.251623197508756, "token_accuracy": 0.4401840506795725, "grad_norm": 3.2441959381103516, "lr": 7.628663931803385e-05, "tokens": 12725335, "tokens_per_second": 2572.9265480740464}
{"stage": "pretrain", "step": 3770, "loss": 2.6729451384863303, "perplexity": 14.482559588335358, "token_accuracy": 0.4376602165628441, "grad_norm": 2.9742045402526855, "lr": 7.615541316212222e-05, "tokens": 12759818, "tokens_per_second": 2901.121988419271}
{"stage": "pretrain", "step": 3780, "loss": 2.811458763631025, "perplexity": 16.63416584487621, "token_accuracy": 0.42848161329491563, "grad_norm": 2.4893970489501953, "lr": 7.602395565400164e-05, "tokens": 12792960, "tokens_per_second": 2950.477937465387}
{"stage": "pretrain", "step": 3790, "loss": 2.627081647589844, "perplexity": 13.833340374796457, "token_accuracy": 0.4583101729640303, "grad_norm": 2.8165433406829834, "lr": 7.589226823127038e-05, "tokens": 12827955, "tokens_per_second": 2939.3057926531487}
{"stage": "pretrain", "step": 3800, "loss": 2.799822731044594, "perplexity": 16.441731904107264, "token_accuracy": 0.43810847478300874, "grad_norm": 2.6400270462036133, "lr": 7.576035233404096e-05, "tokens": 12861069, "tokens_per_second": 2936.0777823854687}
{"stage": "pretrain", "step": 3810, "loss": 2.6623914318946413, "perplexity": 14.330518612866115, "token_accuracy": 0.4549823764309368, "grad_norm": 2.8306732177734375, "lr": 7.562820940492453e-05, "tokens": 12895172, "tokens_per_second": 3117.1052720011817}
{"stage": "pretrain", "step": 3820, "loss": 2.6418854692582188, "perplexity": 14.039649996436872, "token_accuracy": 0.45322650278631665, "grad_norm": 2.6508896350860596, "lr": 7.549584088901496e-05, "tokens": 12930954, "tokens_per_second": 3033.8419102878674}
{"stage": "pretrain", "step": 3830, "loss": 2.7647676806099497, "perplexity": 15.875351410209575, "token_accuracy": 0.4361022424774048, "grad_norm": 3.122086524963379, "lr": 7.536324823387317e-05, "tokens": 12964285, "tokens_per_second": 3047.069792497375}
{"stage": "pretrain", "step": 3840, "loss": 2.7324628872883663, "perplexity": 15.370696733862198, "token_accuracy": 0.43383823562158996, "grad_norm": 3.1395528316497803, "lr": 7.523043288951118e-05, "tokens": 13000110, "tokens_per_second": 3012.6562919429703}
{"stage": "pretrain", "step": 3850, "loss": 2.9201561028182885, "perplexity": 18.54418203289367, "token_accuracy": 0.4022929859844742, "grad_norm": 2.9859261512756348, "lr": 7.50973963083763e-05, "tokens": 13034039, "tokens_per_second": 3086.760899397066}
{"stage": "pretrain", "step": 3860, "loss": 2.6062570420358, "perplexity": 13.548245316944541, "token_accuracy": 0.4558316109980938, "grad_norm": 3.2640810012817383, "lr": 7.496413994533529e-05, "tokens": 13065973, "tokens_per_second": 2954.537155006931}
{"stage": "pretrain", "step": 3870, "loss": 2.8532964554606735, "perplexity": 17.344864276581784, "token_accuracy": 0.4191763959161035, "grad_norm": 2.9598519802093506, "lr": 7.483066525765836e-05, "tokens": 13097721, "tokens_per_second": 2973.1457196356832}
{"stage": "pretrain", "step": 3880, "loss": 2.6905776763675675, "perplexity": 14.740188520003542, "token_accuracy": 0.43584580007850504, "grad_norm": 2.7101807594299316, "lr": 7.469697370500334e-05, "tokens": 13130877, "tokens_per_second": 2940.2036487304217}
{"stage": "pretrain", "step": 3890, "loss": 2.8913751280478883, "perplexity": 18.018069726527173, "token_accuracy": 0.42551833697293173, "grad_norm": 2.536417245864868, "lr": 7.456306674939961e-05, "tokens": 13164246, "tokens_per_second": 2924.9357492826925}
{"stage": "pretrain", "step": 3900, "loss": 2.818351430006921, "perplexity": 16.74921564494055, "token_accuracy": 0.431445205350475, "grad_norm": 2.950761556625366, "lr": 7.442894585523218e-05, "tokens": 13199303, "tokens_per_second": 3019.0774353460088}
{"stage": "pretrain", "step": 3910, "loss": 2.6425929126178866, "perplexity": 14.049585767682222, "token_accuracy": 0.45684802474417935, "grad_norm": 2.7473738193511963, "lr": 7.42946124892257e-05, "tokens": 13232134, "tokens_per_second": 2956.611301740157}
{"stage": "pretrain", "step": 3920, "loss": 2.7761821857457996, "perplexity": 16.057598843786817, "token_accuracy": 0.43994125688828734, "grad_norm": 2.643007278442383, "lr": 7.416006812042828e-05, "tokens": 13266999, "tokens_per_second": 2903.72167890778}
{"stage": "pretrain", "step": 3930, "loss": 2.7534428907100716, "perplexity": 15.696580572612373, "token_accuracy": 0.4282006993632003, "grad_norm": 2.521833658218384, "lr": 7.402531422019561e-05, "tokens": 13301957, "tokens_per_second": 2904.7220763156706}
{"stage": "pretrain", "step": 3940, "loss": 2.6600256972702954, "perplexity": 14.296656479003106, "token_accuracy": 0.444151273713158, "grad_norm": 2.713347911834717, "lr": 7.389035226217476e-05, "tokens": 13335845, "tokens_per_second": 2949.5203681187113}
{"stage": "pretrain", "step": 3950, "loss": 2.7402389281631914, "perplexity": 15.490685815327765, "token_accuracy": 0.4300677828945206, "grad_norm": 2.6728811264038086, "lr": 7.375518372228806e-05, "tokens": 13368563, "tokens_per_second": 2939.0135036331876}
{"stage": "pretrain", "step": 3960, "loss": 2.821519366922141, "perplexity": 16.802360238397057, "token_accuracy": 0.4241305022707129, "grad_norm": 2.9984543323516846, "lr": 7.361981007871704e-05, "tokens": 13401202, "tokens_per_second": 2927.076080792478}
{"stage": "pretrain", "step": 3970, "loss": 2.5517685483445534, "perplexity": 12.829773805463159, "token_accuracy": 0.4662493235580157, "grad_norm": 2.670964002609253, "lr": 7.348423281188616e-05, "tokens": 13435197, "tokens_per_second": 2890.5607066642647}
{"stage": "pretrain", "step": 3980, "loss": 2.654026008094792, "perplexity": 14.211137783206231, "token_accuracy": 0.44516310835816597, "grad_norm": 2.732154607772827, "lr": 7.334845340444667e-05, "tokens": 13469114, "tokens_per_second": 2882.6621348866724}
{"stage": "pretrain", "step": 3990, "loss": 2.804971072491776, "perplexity": 16.52659782585333, "token_accuracy": 0.4399249050043551, "grad_norm": 2.7691001892089844, "lr": 7.321247334126042e-05, "tokens": 13503342, "tokens_per_second": 2868.8179213847984}
{"stage": "pretrain", "step": 4000, "loss": 2.8496674841968654, "perplexity": 17.28203433552559, "token_accuracy": 0.4205607532659105, "grad_norm": 2.5954477787017822, "lr": 7.307629410938363e-05, "tokens": 13536322, "tokens_per_second": 2886.714246600434}
{"stage": "pretrain", "step": 4000, "validation": {"loss": 2.7498719630925326, "perplexity": 15.640629178189945, "token_accuracy": 0.44050967475751207, "target_tokens": 17423.0}}
{"stage": "pretrain", "step": 4010, "loss": 2.769168332125961, "perplexity": 15.94536724411063, "token_accuracy": 0.4419216808813032, "grad_norm": 3.0247883796691895, "lr": 7.293991719805053e-05, "tokens": 13570095, "tokens_per_second": 2439.0311319165553}
{"stage": "pretrain", "step": 4020, "loss": 2.594222809682648, "perplexity": 13.386179708312476, "token_accuracy": 0.4613753425211879, "grad_norm": 2.7762911319732666, "lr": 7.280334409865717e-05, "tokens": 13603259, "tokens_per_second": 2892.621856294027}
{"stage": "pretrain", "step": 4030, "loss": 2.6416753754291324, "perplexity": 14.036700662439372, "token_accuracy": 0.44380315766191136, "grad_norm": 2.690019369125366, "lr": 7.266657630474512e-05, "tokens": 13637655, "tokens_per_second": 2999.206405680639}
{"stage": "pretrain", "step": 4040, "loss": 2.7769946358383866, "perplexity": 16.070650142500696, "token_accuracy": 0.42945999550826136, "grad_norm": 2.9462103843688965, "lr": 7.252961531198501e-05, "tokens": 13671120, "tokens_per_second": 2924.763313278773}
{"stage": "pretrain", "step": 4050, "loss": 2.739106785950092, "perplexity": 15.473158079823182, "token_accuracy": 0.43911793276539013, "grad_norm": 2.5435614585876465, "lr": 7.239246261816035e-05, "tokens": 13705052, "tokens_per_second": 2959.2153093666952}
{"stage": "pretrain", "step": 4060, "loss": 2.7401172850505415, "perplexity": 15.488801594691664, "token_accuracy": 0.4349397540541298, "grad_norm": 2.882852792739868, "lr": 7.225511972315104e-05, "tokens": 13740069, "tokens_per_second": 2917.9032853238855}
{"stage": "pretrain", "step": 4070, "loss": 2.628668911446402, "perplexity": 13.85531497111651, "token_accuracy": 0.45633383113474496, "grad_norm": 2.780409097671509, "lr": 7.211758812891692e-05, "tokens": 13772884, "tokens_per_second": 2909.502457414373}
{"stage": "pretrain", "step": 4080, "loss": 2.812698396568818, "perplexity": 16.654798890809687, "token_accuracy": 0.4275235742528331, "grad_norm": 2.9803059101104736, "lr": 7.197986933948152e-05, "tokens": 13807306, "tokens_per_second": 2910.8340632889085}
{"stage": "pretrain", "step": 4090, "loss": 2.5998057106278862, "perplexity": 13.461122427893125, "token_accuracy": 0.4510428724359389, "grad_norm": 2.504348039627075, "lr": 7.184196486091541e-05, "tokens": 13843119, "tokens_per_second": 2941.922591175769}
{"stage": "pretrain", "step": 4100, "loss": 2.7242917501019646, "perplexity": 15.245612398793169, "token_accuracy": 0.42908888699019243, "grad_norm": 2.6603472232818604, "lr": 7.170387620131993e-05, "tokens": 13879019, "tokens_per_second": 2918.080010982725}
{"stage": "pretrain", "step": 4110, "loss": 2.7977964373004194, "perplexity": 16.408449856596544, "token_accuracy": 0.42564269318434766, "grad_norm": 2.65083384513855, "lr": 7.156560487081053e-05, "tokens": 13911778, "tokens_per_second": 2820.6526742617793}
{"stage": "pretrain", "step": 4120, "loss": 2.9366689764085363, "perplexity": 18.852942007961246, "token_accuracy": 0.42744384527785456, "grad_norm": 2.676361322402954, "lr": 7.142715238150026e-05, "tokens": 13945292, "tokens_per_second": 2877.779675276166}
{"stage": "pretrain", "step": 4130, "loss": 2.6169213510993976, "perplexity": 13.69350114215146, "token_accuracy": 0.4444136372936509, "grad_norm": 2.6914007663726807, "lr": 7.128852024748344e-05, "tokens": 13978134, "tokens_per_second": 2908.127737106723}
{"stage": "pretrain", "step": 4140, "loss": 2.6935213674946263, "perplexity": 14.783643009079105, "token_accuracy": 0.45619260314292603, "grad_norm": 3.0714969635009766, "lr": 7.114970998481883e-05, "tokens": 14011590, "tokens_per_second": 2971.718608606778}
{"stage": "pretrain", "step": 4150, "loss": 2.8158352862478795, "perplexity": 16.70712518555619, "token_accuracy": 0.4417246233190051, "grad_norm": 3.1501855850219727, "lr": 7.101072311151324e-05, "tokens": 14045517, "tokens_per_second": 2947.7409386671075}
{"stage": "pretrain", "step": 4160, "loss": 2.6784024487599667, "perplexity": 14.561811463911319, "token_accuracy": 0.45410315327508244, "grad_norm": 3.080625295639038, "lr": 7.087156114750487e-05, "tokens": 14079060, "tokens_per_second": 2927.243052179667}
{"stage": "pretrain", "step": 4170, "loss": 2.7235725947788785, "perplexity": 15.234652376934262, "token_accuracy": 0.4479305757401146, "grad_norm": 3.091958999633789, "lr": 7.073222561464661e-05, "tokens": 14111767, "tokens_per_second": 2968.2343412336695}
{"stage": "pretrain", "step": 4180, "loss": 2.6682872251871435, "perplexity": 14.4152579457129, "token_accuracy": 0.453877006811812, "grad_norm": 2.7975873947143555, "lr": 7.059271803668956e-05, "tokens": 14143039, "tokens_per_second": 2886.478685236013}
{"stage": "pretrain", "step": 4190, "loss": 2.619103362820102, "perplexity": 13.723413144442885, "token_accuracy": 0.45317992651832106, "grad_norm": 2.887402057647705, "lr": 7.045303993926625e-05, "tokens": 14176136, "tokens_per_second": 2904.4771727393736}
{"stage": "pretrain", "step": 4200, "loss": 2.64841578224731, "perplexity": 14.131633318226024, "token_accuracy": 0.44912582226727543, "grad_norm": 2.734126091003418, "lr": 7.031319284987394e-05, "tokens": 14209211, "tokens_per_second": 2899.7813943128367}
{"stage": "pretrain", "step": 4210, "loss": 2.550074626893708, "perplexity": 12.808059572699106, "token_accuracy": 0.4590908973325383, "grad_norm": 3.11027193069458, "lr": 7.017317829785803e-05, "tokens": 14244191, "tokens_per_second": 2874.745508091509}
{"stage": "pretrain", "step": 4220, "loss": 2.6242533491208, "perplexity": 13.794270835595599, "token_accuracy": 0.4439102615110385, "grad_norm": 2.9402549266815186, "lr": 7.00329978143952e-05, "tokens": 14279485, "tokens_per_second": 2989.202657920077}
{"stage": "pretrain", "step": 4230, "loss": 2.849506248033377, "perplexity": 17.279248071241373, "token_accuracy": 0.4088029347784959, "grad_norm": 3.0855255126953125, "lr": 6.989265293247678e-05, "tokens": 14313889, "tokens_per_second": 2946.320407351906}
{"stage": "pretrain", "step": 4240, "loss": 2.8092400710702363, "perplexity": 16.597300656243846, "token_accuracy": 0.4298497906562504, "grad_norm": 3.3838415145874023, "lr": 6.975214518689189e-05, "tokens": 14347266, "tokens_per_second": 3001.7772412614513}
{"stage": "pretrain", "step": 4250, "loss": 2.8169876009695476, "perplexity": 16.7263881482305, "token_accuracy": 0.4203048370984505, "grad_norm": 3.34364652633667, "lr": 6.961147611421075e-05, "tokens": 14382061, "tokens_per_second": 2954.3089882348436}
{"stage": "pretrain", "step": 4250, "validation": {"loss": 2.729331435712766, "perplexity": 15.322639425195124, "token_accuracy": 0.4426333033870229, "target_tokens": 17423.0}}
{"stage": "pretrain", "step": 4260, "loss": 2.911103870372961, "perplexity": 18.377073281367934, "token_accuracy": 0.40792078803671467, "grad_norm": 3.221832036972046, "lr": 6.947064725276779e-05, "tokens": 14416275, "tokens_per_second": 2501.983319779603}
{"stage": "pretrain", "step": 4270, "loss": 2.727017310213915, "perplexity": 15.287221910683884, "token_accuracy": 0.4324866355481473, "grad_norm": 3.064917802810669, "lr": 6.932966014264491e-05, "tokens": 14451612, "tokens_per_second": 2948.559286495862}
{"stage": "pretrain", "step": 4280, "loss": 2.7536653026282107, "perplexity": 15.700072067466394, "token_accuracy": 0.43360521695158805, "grad_norm": 2.859138250350952, "lr": 6.918851632565448e-05, "tokens": 14484474, "tokens_per_second": 2948.870925805532}
{"stage": "pretrain", "step": 4290, "loss": 2.5766746497779303, "perplexity": 13.153325939209738, "token_accuracy": 0.44248260737836775, "grad_norm": 2.904282331466675, "lr": 6.904721734532272e-05, "tokens": 14518497, "tokens_per_second": 2897.198307055253}
{"stage": "pretrain", "step": 4300, "loss": 2.5812991521602258, "perplexity": 13.214294392072457, "token_accuracy": 0.46290523048834015, "grad_norm": 2.7680675983428955, "lr": 6.890576474687263e-05, "tokens": 14553610, "tokens_per_second": 2886.1168402075473}
{"stage": "pretrain", "step": 4310, "loss": 2.641545223113199, "perplexity": 14.034873872223157, "token_accuracy": 0.45181718736985443, "grad_norm": 3.0557820796966553, "lr": 6.876416007720718e-05, "tokens": 14588148, "tokens_per_second": 2836.339635243402}
{"stage": "pretrain", "step": 4320, "loss": 2.7184420660635005, "perplexity": 15.156690718719616, "token_accuracy": 0.4415628220264901, "grad_norm": 3.074329137802124, "lr": 6.862240488489234e-05, "tokens": 14620652, "tokens_per_second": 2857.4864648416446}
{"stage": "pretrain", "step": 4330, "loss": 2.6546092315923624, "perplexity": 14.21942847011531, "token_accuracy": 0.4424708353973775, "grad_norm": 2.5932250022888184, "lr": 6.848050072014018e-05, "tokens": 14655272, "tokens_per_second": 2934.646399178784}
{"stage": "pretrain", "step": 4340, "loss": 2.7009620822229627, "perplexity": 14.894054138812972, "token_accuracy": 0.4572127151231103, "grad_norm": 3.194406747817993, "lr": 6.833844913479192e-05, "tokens": 14689567, "tokens_per_second": 2888.3584278884214}
{"stage": "pretrain", "step": 4350, "loss": 2.7384420562026826, "perplexity": 15.46287602913224, "token_accuracy": 0.44259674413005196, "grad_norm": 2.811896324157715, "lr": 6.819625168230093e-05, "tokens": 14723615, "tokens_per_second": 2991.7430360434773}
{"stage": "pretrain", "step": 4360, "loss": 2.663648054854587, "perplexity": 14.348537990993908, "token_accuracy": 0.4556368977311415, "grad_norm": 2.900442600250244, "lr": 6.805390991771577e-05, "tokens": 14757113, "tokens_per_second": 2954.0611881081722}
{"stage": "pretrain", "step": 4370, "loss": 2.5858698484235565, "perplexity": 13.274831160272193, "token_accuracy": 0.4559909184164516, "grad_norm": 2.778193473815918, "lr": 6.791142539766315e-05, "tokens": 14792104, "tokens_per_second": 2968.5712552587665}
{"stage": "pretrain", "step": 4380, "loss": 2.7972032319833673, "perplexity": 16.398719163331865, "token_accuracy": 0.4378278263646561, "grad_norm": 2.916916608810425, "lr": 6.776879968033098e-05, "tokens": 14825672, "tokens_per_second": 2883.964413747874}
{"stage": "pretrain", "step": 4390, "loss": 2.639858364808384, "perplexity": 14.011218985504973, "token_accuracy": 0.449414587824311, "grad_norm": 2.6937506198883057, "lr": 6.762603432545125e-05, "tokens": 14859444, "tokens_per_second": 2805.7848721042487}
{"stage": "pretrain", "step": 4400, "loss": 2.6467207006947646, "perplexity": 14.107699338035907, "token_accuracy": 0.43239875864759786, "grad_norm": 2.8431272506713867, "lr": 6.7483130894283e-05, "tokens": 14893252, "tokens_per_second": 2949.3092286584674}
{"stage": "pretrain", "step": 4410, "loss": 2.5028298326501264, "perplexity": 12.217017204336077, "token_accuracy": 0.47711267241849586, "grad_norm": 2.5871682167053223, "lr": 6.734009094959528e-05, "tokens": 14927744, "tokens_per_second": 2953.382234935671}
{"stage": "pretrain", "step": 4420, "loss": 2.8281967596560182, "perplexity": 16.91493161995412, "token_accuracy": 0.42026631682675625, "grad_norm": 2.9595184326171875, "lr": 6.719691605565001e-05, "tokens": 14962562, "tokens_per_second": 2880.2044866358506}
{"stage": "pretrain", "step": 4430, "loss": 2.717285094891304, "perplexity": 15.139165004820006, "token_accuracy": 0.4372570826436731, "grad_norm": 2.849076986312866, "lr": 6.705360777818483e-05, "tokens": 14995753, "tokens_per_second": 2889.2697877283076}
{"stage": "pretrain", "step": 4440, "loss": 2.7682654499533563, "perplexity": 15.930976953636227, "token_accuracy": 0.4261241949235456, "grad_norm": 3.1133275032043457, "lr": 6.691016768439618e-05, "tokens": 15029130, "tokens_per_second": 2860.6075513420774}
{"stage": "pretrain", "step": 4450, "loss": 2.615364304567833, "perplexity": 13.672196314301528, "token_accuracy": 0.46593506558605347, "grad_norm": 2.614739418029785, "lr": 6.676659734292189e-05, "tokens": 15061096, "tokens_per_second": 2813.489678864949}
{"stage": "pretrain", "step": 4460, "loss": 2.7238022317918804, "perplexity": 15.238151218716636, "token_accuracy": 0.43364122336097405, "grad_norm": 3.4580860137939453, "lr": 6.662289832382425e-05, "tokens": 15095108, "tokens_per_second": 2947.3403611079284}
{"stage": "pretrain", "step": 4470, "loss": 2.6665355566604925, "perplexity": 14.390029294633717, "token_accuracy": 0.45335763902948173, "grad_norm": 2.763777017593384, "lr": 6.64790721985727e-05, "tokens": 15130828, "tokens_per_second": 2905.101720765395}
{"stage": "pretrain", "step": 4480, "loss": 2.560150340137719, "perplexity": 12.937762234295816, "token_accuracy": 0.4654128100125699, "grad_norm": 2.5642354488372803, "lr": 6.633512054002667e-05, "tokens": 15163031, "tokens_per_second": 2861.838790027374}
{"stage": "pretrain", "step": 4490, "loss": 2.6483929262685386, "perplexity": 14.131310329606022, "token_accuracy": 0.4463044903508787, "grad_norm": 2.9744961261749268, "lr": 6.619104492241848e-05, "tokens": 15196408, "tokens_per_second": 2872.7389333157066}
{"stage": "pretrain", "step": 4500, "loss": 2.6323909804085703, "perplexity": 13.906981502479828, "token_accuracy": 0.4560747662516875, "grad_norm": 2.8224971294403076, "lr": 6.604684692133597e-05, "tokens": 15230577, "tokens_per_second": 2926.191078498301}
{"stage": "pretrain", "step": 4500, "validation": {"loss": 2.719003937503456, "perplexity": 15.165209223286812, "token_accuracy": 0.4425185075831428, "target_tokens": 17423.0}}
{"stage": "pretrain", "step": 4510, "loss": 2.632884611159465, "perplexity": 13.913848110846665, "token_accuracy": 0.45911949542726216, "grad_norm": 2.909147024154663, "lr": 6.590252811370539e-05, "tokens": 15264189, "tokens_per_second": 2477.904087407144}
{"stage": "pretrain", "step": 4520, "loss": 2.652779364784079, "perplexity": 14.193432601667242, "token_accuracy": 0.4641995139721732, "grad_norm": 3.032968282699585, "lr": 6.575809007777409e-05, "tokens": 15298603, "tokens_per_second": 2891.9686792096454}
{"stage": "pretrain", "step": 4530, "loss": 2.677582639767633, "perplexity": 14.549878451992114, "token_accuracy": 0.45188397402587577, "grad_norm": 3.22220516204834, "lr": 6.561353439309332e-05, "tokens": 15332122, "tokens_per_second": 2845.2720148152434}
{"stage": "pretrain", "step": 4540, "loss": 2.6426795849837657, "perplexity": 14.050803531292791, "token_accuracy": 0.4765354285559316, "grad_norm": 2.8653299808502197, "lr": 6.546886264050088e-05, "tokens": 15366585, "tokens_per_second": 2934.1893471579074}
{"stage": "pretrain", "step": 4550, "loss": 2.6269210694713236, "perplexity": 13.831119221365313, "token_accuracy": 0.4548464828966469, "grad_norm": 3.020059823989868, "lr": 6.532407640210383e-05, "tokens": 15400766, "tokens_per_second": 2835.4461321777335}
{"stage": "pretrain", "step": 4560, "loss": 2.8086117187221067, "perplexity": 16.586874979246222, "token_accuracy": 0.4292484779332083, "grad_norm": 2.8192431926727295, "lr": 6.517917726126131e-05, "tokens": 15435561, "tokens_per_second": 2914.278772256664}
{"stage": "pretrain", "step": 4570, "loss": 2.572611664548332, "perplexity": 13.09999258987216, "token_accuracy": 0.4670781914875504, "grad_norm": 3.1915128231048584, "lr": 6.503416680256713e-05, "tokens": 15468460, "tokens_per_second": 3034.221582058862}
{"stage": "pretrain", "step": 4580, "loss": 2.838610734249546, "perplexity": 17.092003699867483, "token_accuracy": 0.4284232391191345, "grad_norm": 2.8012452125549316, "lr": 6.488904661183239e-05, "tokens": 15501126, "tokens_per_second": 2870.5153529314684}
{"stage": "pretrain", "step": 4590, "loss": 2.586551184509293, "perplexity": 13.283878863687153, "token_accuracy": 0.45260175618082515, "grad_norm": 2.5225722789764404, "lr": 6.47438182760683e-05, "tokens": 15535890, "tokens_per_second": 2949.6574146881553}
{"stage": "pretrain", "step": 4600, "loss": 2.601548174468879, "perplexity": 13.484598394054219, "token_accuracy": 0.4518479896919731, "grad_norm": 2.9521281719207764, "lr": 6.459848338346861e-05, "tokens": 15570870, "tokens_per_second": 2926.0680716929537}
{"stage": "pretrain", "step": 4610, "loss": 2.748467828849373, "perplexity": 15.618683046439571, "token_accuracy": 0.43725278799973644, "grad_norm": 2.9488515853881836, "lr": 6.445304352339248e-05, "tokens": 15603678, "tokens_per_second": 2962.2193537944518}
{"stage": "pretrain", "step": 4620, "loss": 2.633886850907348, "perplexity": 13.927800112927006, "token_accuracy": 0.4516971258908588, "grad_norm": 3.0214359760284424, "lr": 6.430750028634686e-05, "tokens": 15637103, "tokens_per_second": 3051.248533574041}
{"stage": "pretrain", "step": 4630, "loss": 2.688098887231063, "perplexity": 14.703695948210788, "token_accuracy": 0.4318112185989243, "grad_norm": 2.8412468433380127, "lr": 6.416185526396932e-05, "tokens": 15671745, "tokens_per_second": 2973.8901423318985}
{"stage": "pretrain", "step": 4640, "loss": 2.561967912820462, "perplexity": 12.961298940866552, "token_accuracy": 0.44987292367669357, "grad_norm": 3.4106574058532715, "lr": 6.401611004901046e-05, "tokens": 15707578, "tokens_per_second": 2915.384356727376}
{"stage": "pretrain", "step": 4650, "loss": 2.7600100174316458, "perplexity": 15.800001222899896, "token_accuracy": 0.4326447524197545, "grad_norm": 2.872605562210083, "lr": 6.387026623531661e-05, "tokens": 15739808, "tokens_per_second": 2976.8456209384644}
{"stage": "pretrain", "step": 4660, "loss": 2.806546976147213, "perplexity": 16.552662684237553, "token_accuracy": 0.4266958434180914, "grad_norm": 3.227238655090332, "lr": 6.372432541781238e-05, "tokens": 15773756, "tokens_per_second": 3076.023090019225}
{"stage": "pretrain", "step": 4670, "loss": 2.8249858284570175, "perplexity": 16.86070604217554, "token_accuracy": 0.4241848705916059, "grad_norm": 3.491590738296509, "lr": 6.35782891924831e-05, "tokens": 15807091, "tokens_per_second": 2972.280610533604}
{"stage": "pretrain", "step": 4680, "loss": 2.65882255816951, "perplexity": 14.279465955951613, "token_accuracy": 0.4531403327830523, "grad_norm": 2.991081476211548, "lr": 6.343215915635762e-05, "tokens": 15840851, "tokens_per_second": 3011.879546302785}
{"stage": "pretrain", "step": 4690, "loss": 2.631306885761123, "perplexity": 13.891913187486423, "token_accuracy": 0.45486996718385525, "grad_norm": 2.856318473815918, "lr": 6.328593690749052e-05, "tokens": 15874029, "tokens_per_second": 3046.0749954776184}
{"stage": "pretrain", "step": 4700, "loss": 2.7202553017766387, "perplexity": 15.184198302954174, "token_accuracy": 0.4420987244294098, "grad_norm": 2.7128958702087402, "lr": 6.313962404494496e-05, "tokens": 15909251, "tokens_per_second": 2980.0028306879653}
{"stage": "pretrain", "step": 4710, "loss": 2.6592400283818356, "perplexity": 14.285428452131818, "token_accuracy": 0.4418009664281063, "grad_norm": 2.751999855041504, "lr": 6.299322216877488e-05, "tokens": 15944305, "tokens_per_second": 3046.8284341376834}
{"stage": "pretrain", "step": 4720, "loss": 2.663673260773608, "perplexity": 14.34889966363871, "token_accuracy": 0.4447339091728645, "grad_norm": 3.393918991088867, "lr": 6.284673288000783e-05, "tokens": 15980256, "tokens_per_second": 2955.2544950611987}
{"stage": "pretrain", "step": 4730, "loss": 2.592957033616278, "perplexity": 13.369246521489718, "token_accuracy": 0.46626352259378234, "grad_norm": 2.7949860095977783, "lr": 6.270015778062715e-05, "tokens": 16014404, "tokens_per_second": 2996.5940731776764}
{"stage": "pretrain", "step": 4740, "loss": 2.6238758009749574, "perplexity": 13.789063817230284, "token_accuracy": 0.4584415595833357, "grad_norm": 3.1231980323791504, "lr": 6.255349847355465e-05, "tokens": 16048460, "tokens_per_second": 3003.954697361671}
{"stage": "pretrain", "step": 4750, "loss": 2.6189545269482264, "perplexity": 13.721370760276209, "token_accuracy": 0.4433722645044327, "grad_norm": 3.0067782402038574, "lr": 6.240675656263303e-05, "tokens": 16081360, "tokens_per_second": 2977.353411942699}
{"stage": "pretrain", "step": 4750, "validation": {"loss": 2.707254052730062, "perplexity": 14.988062527048156, "token_accuracy": 0.4452160945023091, "target_tokens": 17423.0}}
{"stage": "pretrain", "step": 4760, "loss": 2.6690066560936683, "perplexity": 14.425632459229934, "token_accuracy": 0.45415117397738214, "grad_norm": 2.9050981998443604, "lr": 6.22599336526083e-05, "tokens": 16117074, "tokens_per_second": 2523.8666040236444}
{"stage": "pretrain", "step": 4770, "loss": 2.74303035670207, "perplexity": 15.533987366274621, "token_accuracy": 0.4279835433170839, "grad_norm": 3.2386584281921387, "lr": 6.211303134911229e-05, "tokens": 16150263, "tokens_per_second": 3082.363712887635}
{"stage": "pretrain", "step": 4780, "loss": 2.575768888389671, "perplexity": 13.141417558336752, "token_accuracy": 0.45439560128437295, "grad_norm": 2.870638370513916, "lr": 6.196605125864507e-05, "tokens": 16184784, "tokens_per_second": 2961.5485200162884}
{"stage": "pretrain", "step": 4790, "loss": 2.5141739362282927, "perplexity": 12.356397389830933, "token_accuracy": 0.46408474448302534, "grad_norm": 2.8728091716766357, "lr": 6.181899498855732e-05, "tokens": 16219213, "tokens_per_second": 2938.9944008269795}
{"stage": "pretrain", "step": 4800, "loss": 2.632395300945574, "perplexity": 13.90704158823782, "token_accuracy": 0.4503242525609087, "grad_norm": 3.1633057594299316, "lr": 6.167186414703289e-05, "tokens": 16252158, "tokens_per_second": 3039.1197526784445}
{"stage": "pretrain", "step": 4810, "loss": 2.647295107371199, "perplexity": 14.115805222539022, "token_accuracy": 0.44334503094152333, "grad_norm": 3.121558427810669, "lr": 6.152466034307107e-05, "tokens": 16284463, "tokens_per_second": 2997.8163144112336}
{"stage": "pretrain", "step": 4820, "loss": 2.5620775110746097, "perplexity": 12.962719554448919, "token_accuracy": 0.4622613733385453, "grad_norm": 2.6162946224212646, "lr": 6.13773851864691e-05, "tokens": 16318408, "tokens_per_second": 2982.9055391023458}
{"stage": "pretrain", "step": 4830, "loss": 2.7274343188016923, "perplexity": 15.293598142883289, "token_accuracy": 0.435794543947301, "grad_norm": 3.010674238204956, "lr": 6.123004028780445e-05, "tokens": 16352677, "tokens_per_second": 3040.6035991914177}
{"stage": "pretrain", "step": 4840, "loss": 2.7003840902589533, "perplexity": 14.885447982593377, "token_accuracy": 0.4513745217889926, "grad_norm": 3.08026123046875, "lr": 6.108262725841736e-05, "tokens": 16384447, "tokens_per_second": 2974.537154146241}
{"stage": "pretrain", "step": 4850, "loss": 2.6510878380401155, "perplexity": 14.169444324958404, "token_accuracy": 0.4529964736762394, "grad_norm": 2.988208770751953, "lr": 6.0935147710393117e-05, "tokens": 16415687, "tokens_per_second": 2991.37768036091}
{"stage": "pretrain", "step": 4860, "loss": 2.5941082070152337, "perplexity": 13.384645704313572, "token_accuracy": 0.4540595494250542, "grad_norm": 2.9564290046691895, "lr": 6.078760325654438e-05, "tokens": 16449701, "tokens_per_second": 2985.7478565138936}
{"stage": "pretrain", "step": 4870, "loss": 2.7179135141326007, "perplexity": 15.148681737341928, "token_accuracy": 0.4476345788888013, "grad_norm": 3.0386393070220947, "lr": 6.06399955103937e-05, "tokens": 16481837, "tokens_per_second": 2962.415105314565}
{"stage": "pretrain", "step": 4880, "loss": 2.631783309732044, "perplexity": 13.89853320477314, "token_accuracy": 0.44329592452659033, "grad_norm": 2.7948782444000244, "lr": 6.049232608615571e-05, "tokens": 16518565, "tokens_per_second": 3029.8599853011438}
{"stage": "pretrain", "step": 4890, "loss": 2.6517339676384926, "perplexity": 14.178602580720755, "token_accuracy": 0.4493106224869483, "grad_norm": 2.965916156768799, "lr": 6.03445965987196e-05, "tokens": 16553522, "tokens_per_second": 2989.5969319219826}
{"stage": "pretrain", "step": 4900, "loss": 2.5931959302801837, "perplexity": 13.37244077141527, "token_accuracy": 0.4597623072374859, "grad_norm": 3.3537261486053467, "lr": 6.019680866363139e-05, "tokens": 16586237, "tokens_per_second": 3032.954210899957}
{"stage": "pretrain", "step": 4910, "loss": 2.5652312415831036, "perplexity": 13.00366501011018, "token_accuracy": 0.45767835921359035, "grad_norm": 2.9307215213775635, "lr": 6.00489638970762e-05, "tokens": 16619416, "tokens_per_second": 2861.4187617129865}
{"stage": "pretrain", "step": 4920, "loss": 2.598418317911193, "perplexity": 13.44245951406713, "token_accuracy": 0.45767716297835814, "grad_norm": 3.1224775314331055, "lr": 5.9901063915860765e-05, "tokens": 16654055, "tokens_per_second": 2853.2191801348504}
{"stage": "pretrain", "step": 4930, "loss": 2.702715227201821, "perplexity": 14.920188476989454, "token_accuracy": 0.45591323168399533, "grad_norm": 3.290297269821167, "lr": 5.975311033739557e-05, "tokens": 16687404, "tokens_per_second": 2996.4403149859795}
{"stage": "pretrain", "step": 4940, "loss": 2.7805391383940172, "perplexity": 16.127713674175244, "token_accuracy": 0.4283871014944969, "grad_norm": 3.166595220565796, "lr": 5.9605104779677233e-05, "tokens": 16720311, "tokens_per_second": 2997.022768946621}
{"stage": "pretrain", "step": 4950, "loss": 2.5761303632421346, "perplexity": 13.146168708968814, "token_accuracy": 0.46394517034718474, "grad_norm": 3.096320629119873, "lr": 5.9457048861270834e-05, "tokens": 16755466, "tokens_per_second": 2994.622488293516}
{"stage": "pretrain", "step": 4960, "loss": 2.662166187358102, "perplexity": 14.327291105345655, "token_accuracy": 0.4504178257290699, "grad_norm": 2.809056043624878, "lr": 5.930894420129216e-05, "tokens": 16789931, "tokens_per_second": 2976.6416010369276}
{"stage": "pretrain", "step": 4970, "loss": 2.6302312512451143, "perplexity": 13.876978599687556, "token_accuracy": 0.462064679035574, "grad_norm": 3.212313175201416, "lr": 5.9160792419390064e-05, "tokens": 16824208, "tokens_per_second": 2928.897803573259}
{"stage": "pretrain", "step": 4980, "loss": 2.4145789223263705, "perplexity": 11.185059586951866, "token_accuracy": 0.4738883993957193, "grad_norm": 2.717528820037842, "lr": 5.9012595135728686e-05, "tokens": 16857617, "tokens_per_second": 2923.642473174232}
{"stage": "pretrain", "step": 4990, "loss": 2.581395165925643, "perplexity": 13.215563207145255, "token_accuracy": 0.45885769867558523, "grad_norm": 3.411547899246216, "lr": 5.8864353970969775e-05, "tokens": 16890354, "tokens_per_second": 3030.8857873579523}
{"stage": "pretrain", "step": 5000, "loss": 2.7707873566141705, "perplexity": 15.971204093754759, "token_accuracy": 0.4393577073004859, "grad_norm": 3.4608869552612305, "lr": 5.8716070546254966e-05, "tokens": 16924777, "tokens_per_second": 2970.4363295748103}
{"stage": "pretrain", "step": 5000, "validation": {"loss": 2.6919736846856392, "perplexity": 14.760780315602208, "token_accuracy": 0.4488893988153277, "target_tokens": 17423.0}}
{"stage": "pretrain", "step": 5010, "loss": 2.730164899731068, "perplexity": 15.335415617330064, "token_accuracy": 0.4472455602363007, "grad_norm": 2.948843240737915, "lr": 5.856774648318801e-05, "tokens": 16958127, "tokens_per_second": 2521.6694398804448}
{"stage": "pretrain", "step": 5020, "loss": 2.4547280348953033, "perplexity": 11.643266556035295, "token_accuracy": 0.4764646999631217, "grad_norm": 3.065221071243286, "lr": 5.841938340381714e-05, "tokens": 16992241, "tokens_per_second": 3008.1171263938895}
{"stage": "pretrain", "step": 5030, "loss": 2.608776579425408, "perplexity": 13.582423666318205, "token_accuracy": 0.4479353750700868, "grad_norm": 3.0279035568237305, "lr": 5.82709829306172e-05, "tokens": 17025741, "tokens_per_second": 2928.028109975334}
{"stage": "pretrain", "step": 5040, "loss": 2.5636477842306493, "perplexity": 12.983090554826237, "token_accuracy": 0.4596412560635847, "grad_norm": 3.6097497940063477, "lr": 5.812254668647199e-05, "tokens": 17059320, "tokens_per_second": 2936.813781118227}
{"stage": "pretrain", "step": 5050, "loss": 2.762293883260134, "perplexity": 15.836127543914952, "token_accuracy": 0.43253297277870795, "grad_norm": 3.0871853828430176, "lr": 5.7974076294656476e-05, "tokens": 17093408, "tokens_per_second": 2919.607259565094}
{"stage": "pretrain", "step": 5060, "loss": 2.7349281164524735, "perplexity": 15.408635768716673, "token_accuracy": 0.44551920554207197, "grad_norm": 2.985027551651001, "lr": 5.782557337881911e-05, "tokens": 17125591, "tokens_per_second": 2979.2334573540566}
{"stage": "pretrain", "step": 5070, "loss": 2.5241080576333443, "perplexity": 12.479759072082544, "token_accuracy": 0.45650751156850605, "grad_norm": 2.8862273693084717, "lr": 5.7677039562963965e-05, "tokens": 17158703, "tokens_per_second": 2984.9248830693505}
{"stage": "pretrain", "step": 5080, "loss": 2.545014217925555, "perplexity": 12.743409269621806, "token_accuracy": 0.46417356252057734, "grad_norm": 3.1106820106506348, "lr": 5.7528476471433044e-05, "tokens": 17194546, "tokens_per_second": 2979.7425362308577}
{"stage": "pretrain", "step": 5090, "loss": 2.7484139273252115, "perplexity": 15.617841198306627, "token_accuracy": 0.44679076989083266, "grad_norm": 2.772946357727051, "lr": 5.737988572888856e-05, "tokens": 17225566, "tokens_per_second": 2936.3638137869625}
{"stage": "pretrain", "step": 5100, "loss": 2.6808051579750622, "perplexity": 14.596841328941583, "token_accuracy": 0.44429529490286873, "grad_norm": 3.195145606994629, "lr": 5.7231268960295e-05, "tokens": 17258989, "tokens_per_second": 2979.7548041975206}
{"stage": "pretrain", "step": 5110, "loss": 2.552768822306577, "perplexity": 12.842613514682261, "token_accuracy": 0.4568729874523546, "grad_norm": 3.107372760772705, "lr": 5.70826277909016e-05, "tokens": 17292362, "tokens_per_second": 3017.8799273042205}
{"stage": "pretrain", "step": 5120, "loss": 2.5790205327547087, "perplexity": 13.18421832341049, "token_accuracy": 0.46519079569161825, "grad_norm": 3.2760303020477295, "lr": 5.6933963846224335e-05, "tokens": 17326747, "tokens_per_second": 3020.718940960379}
{"stage": "pretrain", "step": 5130, "loss": 2.557670208904435, "perplexity": 12.90571464363221, "token_accuracy": 0.46121113358855054, "grad_norm": 2.9273931980133057, "lr": 5.6785278752028295e-05, "tokens": 17358123, "tokens_per_second": 2952.1327344799}
{"stage": "pretrain", "step": 5140, "loss": 2.6860869801233687, "perplexity": 14.674143216467284, "token_accuracy": 0.42719116592053463, "grad_norm": 3.085184097290039, "lr": 5.663657413430985e-05, "tokens": 17390789, "tokens_per_second": 2973.534894412503}
{"stage": "pretrain", "step": 5150, "loss": 2.604687305686283, "perplexity": 13.526994826995184, "token_accuracy": 0.4524837987050897, "grad_norm": 2.6544699668884277, "lr": 5.648785161927888e-05, "tokens": 17426200, "tokens_per_second": 2938.316160596661}
{"stage": "pretrain", "step": 5160, "loss": 2.52254279593215, "perplexity": 12.460240263174061, "token_accuracy": 0.46237730558234447, "grad_norm": 2.746170997619629, "lr": 5.633911283334097e-05, "tokens": 17459984, "tokens_per_second": 2971.07941875017}
{"stage": "pretrain", "step": 5170, "loss": 2.552967861411931, "perplexity": 12.845169951393627, "token_accuracy": 0.47467756694163415, "grad_norm": 3.4024696350097656, "lr": 5.6190359403079653e-05, "tokens": 17495057, "tokens_per_second": 2990.54975661285}
{"stage": "pretrain", "step": 5180, "loss": 2.4710295923189007, "perplexity": 11.834625420520076, "token_accuracy": 0.4700561519049884, "grad_norm": 3.0925981998443604, "lr": 5.604159295523863e-05, "tokens": 17529195, "tokens_per_second": 2936.0325003732696}
{"stage": "pretrain", "step": 5190, "loss": 2.5047551358092752, "perplexity": 12.24056132366586, "token_accuracy": 0.45796460002736106, "grad_norm": 3.2731523513793945, "lr": 5.589281511670391e-05, "tokens": 17562315, "tokens_per_second": 3005.508861985984}
{"stage": "pretrain", "step": 5200, "loss": 2.5978662683158618, "perplexity": 13.435040657708871, "token_accuracy": 0.4754764193372777, "grad_norm": 3.3214309215545654, "lr": 5.574402751448614e-05, "tokens": 17598224, "tokens_per_second": 3008.697893078607}
{"stage": "pretrain", "step": 5210, "loss": 2.645328780322023, "perplexity": 14.088076204003027, "token_accuracy": 0.45397370134407344, "grad_norm": 2.9587514400482178, "lr": 5.559523177570266e-05, "tokens": 17634962, "tokens_per_second": 3035.406479294251}
{"stage": "pretrain", "step": 5220, "loss": 2.6183360554277897, "perplexity": 13.712887106959029, "token_accuracy": 0.46408992342389466, "grad_norm": 3.2369420528411865, "lr": 5.544642952755984e-05, "tokens": 17669760, "tokens_per_second": 2995.591262106554}
{"stage": "pretrain", "step": 5230, "loss": 2.642158639825574, "perplexity": 14.043485739474066, "token_accuracy": 0.4436643310650979, "grad_norm": 2.998563051223755, "lr": 5.5297622397335245e-05, "tokens": 17704287, "tokens_per_second": 2961.868731833931}
{"stage": "pretrain", "step": 5240, "loss": 2.4662510801507165, "perplexity": 11.778208420954623, "token_accuracy": 0.46837192361757823, "grad_norm": 2.808947801589966, "lr": 5.5148812012359785e-05, "tokens": 17736096, "tokens_per_second": 2900.9874771413943}
{"stage": "pretrain", "step": 5250, "loss": 2.650671961787636, "perplexity": 14.16355281470734, "token_accuracy": 0.4410755092904688, "grad_norm": 3.025050163269043, "lr": 5.500000000000001e-05, "tokens": 17769028, "tokens_per_second": 2973.54234106156}
{"stage": "pretrain", "step": 5250, "validation": {"loss": 2.6790985770445293, "perplexity": 14.57195188185219, "token_accuracy": 0.44975033050760815, "target_tokens": 17423.0}}
{"stage": "pretrain", "step": 5260, "loss": 2.437078946249463, "perplexity": 11.439576273654355, "token_accuracy": 0.46471371287194774, "grad_norm": 3.1745808124542236, "lr": 5.485118798764022e-05, "tokens": 17802399, "tokens_per_second": 2502.587295498473}
{"stage": "pretrain", "step": 5270, "loss": 2.6460553617377975, "perplexity": 14.098316057950171, "token_accuracy": 0.4571140250532546, "grad_norm": 3.1967053413391113, "lr": 5.4702377602664766e-05, "tokens": 17835956, "tokens_per_second": 2920.673334463863}
{"stage": "pretrain", "step": 5280, "loss": 2.643674494838394, "perplexity": 14.064789770561477, "token_accuracy": 0.44036954033948805, "grad_norm": 2.6587767601013184, "lr": 5.4553570472440165e-05, "tokens": 17869654, "tokens_per_second": 2906.0049666606137}
{"stage": "pretrain", "step": 5290, "loss": 2.6487509714306596, "perplexity": 14.1363708828032, "token_accuracy": 0.43834265059093547, "grad_norm": 3.1103591918945312, "lr": 5.440476822429735e-05, "tokens": 17902281, "tokens_per_second": 2929.8074681213625}
{"stage": "pretrain", "step": 5300, "loss": 2.7126740822094613, "perplexity": 15.069518816118077, "token_accuracy": 0.4402442663240724, "grad_norm": 3.305694103240967, "lr": 5.425597248551387e-05, "tokens": 17935805, "tokens_per_second": 2918.9295083469624}
{"stage": "pretrain", "step": 5310, "loss": 2.675613773247007, "perplexity": 14.521259865761797, "token_accuracy": 0.44380403219451137, "grad_norm": 3.0749948024749756, "lr": 5.4107184883296094e-05, "tokens": 17969634, "tokens_per_second": 2931.65197202149}
{"stage": "pretrain", "step": 5320, "loss": 2.443893037721687, "perplexity": 11.51779277734746, "token_accuracy": 0.47867833782777514, "grad_norm": 3.0567564964294434, "lr": 5.395840704476138e-05, "tokens": 18002372, "tokens_per_second": 2946.192784311511}
{"stage": "pretrain", "step": 5330, "loss": 2.472919711544812, "perplexity": 11.857015426783729, "token_accuracy": 0.4814017801386666, "grad_norm": 2.8843297958374023, "lr": 5.380964059692035e-05, "tokens": 18037263, "tokens_per_second": 3035.526398347176}
{"stage": "pretrain", "step": 5340, "loss": 2.6252581524447405, "perplexity": 13.808138330668356, "token_accuracy": 0.4561874522271318, "grad_norm": 2.6440176963806152, "lr": 5.366088716665905e-05, "tokens": 18071286, "tokens_per_second": 2967.1815091920257}
{"stage": "pretrain", "step": 5350, "loss": 2.469220261377503, "perplexity": 11.813232026268219, "token_accuracy": 0.4811747027897691, "grad_norm": 2.8859007358551025, "lr": 5.351214838072113e-05, "tokens": 18107133, "tokens_per_second": 3006.532172862701}
{"stage": "pretrain", "step": 5360, "loss": 2.6178897512610515, "perplexity": 13.706768353819259, "token_accuracy": 0.4563174363714537, "grad_norm": 3.3748648166656494, "lr": 5.336342586569016e-05, "tokens": 18140709, "tokens_per_second": 3036.9107829754676}
{"stage": "pretrain", "step": 5370, "loss": 2.5960417738329933, "perplexity": 13.410550847706817, "token_accuracy": 0.437389326222239, "grad_norm": 2.805032968521118, "lr": 5.321472124797171e-05, "tokens": 18174634, "tokens_per_second": 2941.729059899145}
{"stage": "pretrain", "step": 5380, "loss": 2.6085771014328483, "perplexity": 13.579714541925483, "token_accuracy": 0.45072741881360595, "grad_norm": 2.963400363922119, "lr": 5.3066036153775675e-05, "tokens": 18209393, "tokens_per_second": 3010.9041789701146}
{"stage": "pretrain", "step": 5390, "loss": 2.522725693908803, "perplexity": 12.462519424327438, "token_accuracy": 0.46069315000297856, "grad_norm": 3.0608561038970947, "lr": 5.291737220909842e-05, "tokens": 18242596, "tokens_per_second": 3043.699375735452}
{"stage": "pretrain", "step": 5400, "loss": 2.536725584307562, "perplexity": 12.638220357536767, "token_accuracy": 0.4598285134121061, "grad_norm": 3.0346107482910156, "lr": 5.2768731039705e-05, "tokens": 18277023, "tokens_per_second": 3046.1523366023675}
{"stage": "pretrain", "step": 5410, "loss": 2.5408670978290315, "perplexity": 12.690670254043658, "token_accuracy": 0.4557377064192526, "grad_norm": 2.5281124114990234, "lr": 5.262011427111147e-05, "tokens": 18312341, "tokens_per_second": 2935.1225394694607}
{"stage": "pretrain", "step": 5420, "loss": 2.6524751386326604, "perplexity": 14.189115245051108, "token_accuracy": 0.4449786292309435, "grad_norm": 2.863180637359619, "lr": 5.247152352856696e-05, "tokens": 18347129, "tokens_per_second": 2956.4689107090935}
{"stage": "pretrain", "step": 5430, "loss": 2.529433499576131, "perplexity": 12.546396584093177, "token_accuracy": 0.4756473427599367, "grad_norm": 3.1264352798461914, "lr": 5.232296043703605e-05, "tokens": 18380601, "tokens_per_second": 2939.965255214407}
{"stage": "pretrain", "step": 5440, "loss": 2.682031807752984, "perplexity": 14.614757527319972, "token_accuracy": 0.46116672546278414, "grad_norm": 3.38423228263855, "lr": 5.2174426621180906e-05, "tokens": 18411217, "tokens_per_second": 2977.6965026115363}
{"stage": "pretrain", "step": 5450, "loss": 2.498617716163759, "perplexity": 12.16566592945374, "token_accuracy": 0.46038172055766236, "grad_norm": 3.6921029090881348, "lr": 5.2025923705343535e-05, "tokens": 18444219, "tokens_per_second": 3068.945246507359}
{"stage": "pretrain", "step": 5460, "loss": 2.450884749137562, "perplexity": 11.59860403589593, "token_accuracy": 0.4795885623286905, "grad_norm": 3.1327412128448486, "lr": 5.187745331352802e-05, "tokens": 18478146, "tokens_per_second": 3034.5624168431937}
{"stage": "pretrain", "step": 5470, "loss": 2.426564649259627, "perplexity": 11.319927286039098, "token_accuracy": 0.4844201756584426, "grad_norm": 3.0263772010803223, "lr": 5.17290170693828e-05, "tokens": 18512968, "tokens_per_second": 3007.5309509531153}
{"stage": "pretrain", "step": 5480, "loss": 2.669753565902836, "perplexity": 14.436411130463727, "token_accuracy": 0.45015190063145766, "grad_norm": 3.2232935428619385, "lr": 5.158061659618286e-05, "tokens": 18546219, "tokens_per_second": 2959.794900901568}
{"stage": "pretrain", "step": 5490, "loss": 2.65721937417254, "perplexity": 14.256591685377304, "token_accuracy": 0.4448867074310305, "grad_norm": 3.161675214767456, "lr": 5.143225351681198e-05, "tokens": 18579899, "tokens_per_second": 2956.0487511487036}
{"stage": "pretrain", "step": 5500, "loss": 2.5887816620300566, "perplexity": 13.313541325310446, "token_accuracy": 0.4575728538076045, "grad_norm": 3.683901071548462, "lr": 5.128392945374505e-05, "tokens": 18614304, "tokens_per_second": 2952.3202173612985}
{"stage": "pretrain", "step": 5500, "validation": {"loss": 2.6810322651761562, "perplexity": 14.600156753184722, "token_accuracy": 0.4490615829807441, "target_tokens": 17423.0}}
{"stage": "pretrain", "step": 5510, "loss": 2.4555759687480814, "perplexity": 11.653143462795093, "token_accuracy": 0.48646705634579684, "grad_norm": 3.0816948413848877, "lr": 5.1135646029030236e-05, "tokens": 18647171, "tokens_per_second": 2559.2946803073723}
{"stage": "pretrain", "step": 5520, "loss": 2.6611107483010055, "perplexity": 14.312177499878418, "token_accuracy": 0.4377104435304199, "grad_norm": 3.1453466415405273, "lr": 5.098740486427134e-05, "tokens": 18679123, "tokens_per_second": 2997.2933913496345}
{"stage": "pretrain", "step": 5530, "loss": 2.430240262187146, "perplexity": 11.361611517730742, "token_accuracy": 0.481175133341119, "grad_norm": 2.6421732902526855, "lr": 5.083920758060995e-05, "tokens": 18712331, "tokens_per_second": 2981.5874719710346}
{"stage": "pretrain", "step": 5540, "loss": 2.593179892275872, "perplexity": 13.372226305872324, "token_accuracy": 0.4583665899343711, "grad_norm": 3.0912036895751953, "lr": 5.0691055798707844e-05, "tokens": 18747722, "tokens_per_second": 3061.830485433183}
{"stage": "pretrain", "step": 5550, "loss": 2.525350749474129, "perplexity": 12.495277206989163, "token_accuracy": 0.48337994099737286, "grad_norm": 3.3064632415771484, "lr": 5.054295113872918e-05, "tokens": 18783542, "tokens_per_second": 3031.8373062858973}
{"stage": "pretrain", "step": 5560, "loss": 2.7160458272680676, "perplexity": 15.120415148231448, "token_accuracy": 0.44576059213080016, "grad_norm": 3.197950839996338, "lr": 5.039489522032278e-05, "tokens": 18815104, "tokens_per_second": 3003.1948507667657}
{"stage": "pretrain", "step": 5570, "loss": 2.4822948418061594, "perplexity": 11.968699197853658, "token_accuracy": 0.470685659397829, "grad_norm": 2.8374416828155518, "lr": 5.024688966260446e-05, "tokens": 18847656, "tokens_per_second": 3006.40236463571}
{"stage": "pretrain", "step": 5580, "loss": 2.492906231333333, "perplexity": 12.09637996426357, "token_accuracy": 0.47445516076927824, "grad_norm": 3.551792860031128, "lr": 5.009893608413924e-05, "tokens": 18881932, "tokens_per_second": 3032.872397219856}
{"stage": "pretrain", "step": 5590, "loss": 2.6430094498505707, "perplexity": 14.055439162252005, "token_accuracy": 0.450683304005199, "grad_norm": 3.2289230823516846, "lr": 4.995103610292382e-05, "tokens": 18919087, "tokens_per_second": 2994.3936578049247}
{"stage": "pretrain", "step": 5600, "loss": 2.518704811627542, "perplexity": 12.412509709759515, "token_accuracy": 0.4625492724811514, "grad_norm": 3.2230782508850098, "lr": 4.980319133636863e-05, "tokens": 18954549, "tokens_per_second": 2938.116460022234}
{"stage": "pretrain", "step": 5610, "loss": 2.5176053245065204, "perplexity": 12.398869815012455, "token_accuracy": 0.45737211640135816, "grad_norm": 3.0180160999298096, "lr": 4.9655403401280396e-05, "tokens": 18989407, "tokens_per_second": 2989.3010579970673}
{"stage": "pretrain", "step": 5620, "loss": 2.591394216133242, "perplexity": 13.348369147302847, "token_accuracy": 0.45972705586791707, "grad_norm": 3.02242374420166, "lr": 4.95076739138443e-05, "tokens": 19023211, "tokens_per_second": 3034.4358964032467}
{"stage": "pretrain", "step": 5630, "loss": 2.578962515059751, "perplexity": 13.183453427642508, "token_accuracy": 0.4629061918073019, "grad_norm": 3.0417981147766113, "lr": 4.936000448960631e-05, "tokens": 19056160, "tokens_per_second": 2943.739074406604}
{"stage": "pretrain", "step": 5640, "loss": 2.6161472646881934, "perplexity": 13.682905290576965, "token_accuracy": 0.45877551091771546, "grad_norm": 3.124769926071167, "lr": 4.9212396743455637e-05, "tokens": 19090660, "tokens_per_second": 2868.774729195104}
{"stage": "pretrain", "step": 5650, "loss": 2.542828954467149, "perplexity": 12.715591968145441, "token_accuracy": 0.4688501284083424, "grad_norm": 3.2462332248687744, "lr": 4.90648522896069e-05, "tokens": 19124309, "tokens_per_second": 2925.0268771321807}
{"stage": "pretrain", "step": 5660, "loss": 2.448069733087613, "perplexity": 11.565999691784455, "token_accuracy": 0.4730359540480907, "grad_norm": 3.5989339351654053, "lr": 4.8917372741582655e-05, "tokens": 19156883, "tokens_per_second": 2966.224328868894}
{"stage": "pretrain", "step": 5670, "loss": 2.499720995860304, "perplexity": 12.179095468575348, "token_accuracy": 0.4579928087210024, "grad_norm": 3.097964286804199, "lr": 4.8769959712195565e-05, "tokens": 19187787, "tokens_per_second": 2861.901472942287}
{"stage": "pretrain", "step": 5680, "loss": 2.4433255361707023, "perplexity": 11.511258266430307, "token_accuracy": 0.47704654609602104, "grad_norm": 3.1388731002807617, "lr": 4.8622614813530906e-05, "tokens": 19220734, "tokens_per_second": 2902.418846645882}
{"stage": "pretrain", "step": 5690, "loss": 2.5878059088294187, "perplexity": 13.300556930563015, "token_accuracy": 0.46666667147062313, "grad_norm": 3.262099266052246, "lr": 4.8475339656928945e-05, "tokens": 19253686, "tokens_per_second": 3056.047599694104}
{"stage": "pretrain", "step": 5700, "loss": 2.5859678708350335, "perplexity": 13.276132455011455, "token_accuracy": 0.4629206220354375, "grad_norm": 3.058850049972534, "lr": 4.83281358529671e-05, "tokens": 19288059, "tokens_per_second": 3010.073987119518}
{"stage": "pretrain", "step": 5710, "loss": 2.5554398138811636, "perplexity": 12.876961878850635, "token_accuracy": 0.464389115382152, "grad_norm": 3.178395986557007, "lr": 4.8181005011442695e-05, "tokens": 19322314, "tokens_per_second": 3075.3994912168096}
{"stage": "pretrain", "step": 5720, "loss": 2.653925785479795, "perplexity": 14.209713577185536, "token_accuracy": 0.4476584038048079, "grad_norm": 3.261993646621704, "lr": 4.803394874135494e-05, "tokens": 19355461, "tokens_per_second": 3001.9620094462634}
{"stage": "pretrain", "step": 5730, "loss": 2.493717738475331, "perplexity": 12.106200247072783, "token_accuracy": 0.46205914612974947, "grad_norm": 3.3385682106018066, "lr": 4.788696865088772e-05, "tokens": 19389030, "tokens_per_second": 2934.4744932736926}
{"stage": "pretrain", "step": 5740, "loss": 2.425673154662471, "perplexity": 11.309840129014466, "token_accuracy": 0.4792531067864317, "grad_norm": 3.107149362564087, "lr": 4.774006634739171e-05, "tokens": 19426973, "tokens_per_second": 3055.6196942899783}
{"stage": "pretrain", "step": 5750, "loss": 2.5315069098066902, "perplexity": 12.572437398443544, "token_accuracy": 0.4683107317375931, "grad_norm": 2.8413851261138916, "lr": 4.7593243437366975e-05, "tokens": 19462134, "tokens_per_second": 2988.5053784271845}
{"stage": "pretrain", "step": 5750, "validation": {"loss": 2.6600419226192495, "perplexity": 14.296888449125248, "token_accuracy": 0.45325145178072995, "target_tokens": 17423.0}}
{"stage": "pretrain", "step": 5760, "loss": 2.3481049615635765, "perplexity": 10.46571798291921, "token_accuracy": 0.4862696810733827, "grad_norm": 3.007570505142212, "lr": 4.7446501526445366e-05, "tokens": 19495825, "tokens_per_second": 2499.023615983488}
{"stage": "pretrain", "step": 5770, "loss": 2.5007311396523044, "perplexity": 12.191404322064425, "token_accuracy": 0.4655701111361347, "grad_norm": 3.1953282356262207, "lr": 4.7299842219372845e-05, "tokens": 19529442, "tokens_per_second": 3001.063637051279}
{"stage": "pretrain", "step": 5780, "loss": 2.46239814582903, "perplexity": 11.732915069667435, "token_accuracy": 0.4764756155143207, "grad_norm": 3.156015634536743, "lr": 4.715326711999218e-05, "tokens": 19564325, "tokens_per_second": 3019.951759537341}
{"stage": "pretrain", "step": 5790, "loss": 2.5608743133101353, "perplexity": 12.947132218463866, "token_accuracy": 0.4675968901501146, "grad_norm": 2.9922406673431396, "lr": 4.700677783122511e-05, "tokens": 19597513, "tokens_per_second": 3065.97229658805}
{"stage": "pretrain", "step": 5800, "loss": 2.6556360408571544, "perplexity": 14.234036609611469, "token_accuracy": 0.43798762835704547, "grad_norm": 3.00500750541687, "lr": 4.686037595505507e-05, "tokens": 19631080, "tokens_per_second": 2968.4995564399223}
{"stage": "pretrain", "step": 5810, "loss": 2.5592136428533396, "perplexity": 12.925649141581202, "token_accuracy": 0.46788219073042797, "grad_norm": 3.1988654136657715, "lr": 4.671406309250949e-05, "tokens": 19664855, "tokens_per_second": 2946.7257544828226}
{"stage": "pretrain", "step": 5820, "loss": 2.3992666222124104, "perplexity": 11.015095191579835, "token_accuracy": 0.4896018927163194, "grad_norm": 2.9970242977142334, "lr": 4.6567840843642384e-05, "tokens": 19698181, "tokens_per_second": 3027.523862897592}
{"stage": "pretrain", "step": 5830, "loss": 2.549183182474933, "perplexity": 12.796646987076338, "token_accuracy": 0.4512658263686337, "grad_norm": 3.1330370903015137, "lr": 4.6421710807516906e-05, "tokens": 19730695, "tokens_per_second": 3024.866912323266}
{"stage": "pretrain", "step": 5840, "loss": 2.588188615644008, "perplexity": 13.30564811849219, "token_accuracy": 0.46756927304026163, "grad_norm": 3.439300537109375, "lr": 4.6275674582187636e-05, "tokens": 19764503, "tokens_per_second": 2925.062111160679}
{"stage": "pretrain", "step": 5850, "loss": 2.5858184663234556, "perplexity": 13.274149089091967, "token_accuracy": 0.46099491369394074, "grad_norm": 3.361442804336548, "lr": 4.612973376468339e-05, "tokens": 19797271, "tokens_per_second": 2979.603290261082}
{"stage": "pretrain", "step": 5860, "loss": 2.5242495245257355, "perplexity": 12.481524669700121, "token_accuracy": 0.47808470296815836, "grad_norm": 3.43009614944458, "lr": 4.5983889950989554e-05, "tokens": 19830185, "tokens_per_second": 2893.4537836905374}
{"stage": "pretrain", "step": 5870, "loss": 2.432635689386606, "perplexity": 11.388860053902853, "token_accuracy": 0.46541830296064207, "grad_norm": 2.964860439300537, "lr": 4.583814473603071e-05, "tokens": 19864832, "tokens_per_second": 2973.897117220748}
{"stage": "pretrain", "step": 5880, "loss": 2.4542947046549646, "perplexity": 11.638222269540112, "token_accuracy": 0.4842067544548441, "grad_norm": 3.7935080528259277, "lr": 4.5692499713653157e-05, "tokens": 19897007, "tokens_per_second": 2923.0882816623302}
{"stage": "pretrain", "step": 5890, "loss": 2.614991815718283, "perplexity": 13.667104522002392, "token_accuracy": 0.45518079559442953, "grad_norm": 3.0924789905548096, "lr": 4.554695647660755e-05, "tokens": 19930811, "tokens_per_second": 2948.164734469364}
{"stage": "pretrain", "step": 5900, "loss": 2.481804479473908, "perplexity": 11.962831637333887, "token_accuracy": 0.4654031364531867, "grad_norm": 3.115504026412964, "lr": 4.54015166165314e-05, "tokens": 19964595, "tokens_per_second": 2997.0534982700656}
{"stage": "pretrain", "step": 5910, "loss": 2.689981907998121, "perplexity": 14.731409397345114, "token_accuracy": 0.4436544666627612, "grad_norm": 3.4067165851593018, "lr": 4.525618172393172e-05, "tokens": 19997835, "tokens_per_second": 3036.168179435797}
{"stage": "pretrain", "step": 5920, "loss": 2.4828499973950064, "perplexity": 11.975345532808875, "token_accuracy": 0.47041930093941914, "grad_norm": 2.9900317192077637, "lr": 4.511095338816761e-05, "tokens": 20033047, "tokens_per_second": 2889.2752779906973}
{"stage": "pretrain", "step": 5930, "loss": 2.4510892534357405, "perplexity": 11.600976242829129, "token_accuracy": 0.4804011075846586, "grad_norm": 3.4574332237243652, "lr": 4.496583319743288e-05, "tokens": 20067445, "tokens_per_second": 2961.328922969326}
{"stage": "pretrain", "step": 5940, "loss": 2.4547800099945754, "perplexity": 11.643871731697292, "token_accuracy": 0.46732318767751374, "grad_norm": 3.067385673522949, "lr": 4.48208227387387e-05, "tokens": 20102573, "tokens_per_second": 2952.6367973474503}
{"stage": "pretrain", "step": 5950, "loss": 2.505817756771876, "perplexity": 12.253575313967259, "token_accuracy": 0.471567272801009, "grad_norm": 2.9227936267852783, "lr": 4.467592359789618e-05, "tokens": 20137319, "tokens_per_second": 2932.974341867871}
{"stage": "pretrain", "step": 5960, "loss": 2.4547025328781173, "perplexity": 11.642969633037566, "token_accuracy": 0.47539180003420023, "grad_norm": 3.115696668624878, "lr": 4.453113735949914e-05, "tokens": 20171901, "tokens_per_second": 2956.0132666577665}
{"stage": "pretrain", "step": 5970, "loss": 2.7196979922126014, "perplexity": 15.17573836163977, "token_accuracy": 0.44756197410622206, "grad_norm": 3.713463544845581, "lr": 4.438646560690668e-05, "tokens": 20207047, "tokens_per_second": 3077.5027020699945}
{"stage": "pretrain", "step": 5980, "loss": 2.5642806579089013, "perplexity": 12.991309811702077, "token_accuracy": 0.4491035326186324, "grad_norm": 3.191328763961792, "lr": 4.42419099222259e-05, "tokens": 20241375, "tokens_per_second": 3052.8331781397746}
{"stage": "pretrain", "step": 5990, "loss": 2.5053028465153293, "perplexity": 12.247267446490932, "token_accuracy": 0.4802244033920481, "grad_norm": 2.8896942138671875, "lr": 4.409747188629463e-05, "tokens": 20273500, "tokens_per_second": 2991.3096122120537}
{"stage": "pretrain", "step": 6000, "loss": 2.356948700730208, "perplexity": 10.558684543034001, "token_accuracy": 0.49147959422317106, "grad_norm": 3.1927833557128906, "lr": 4.395315307866405e-05, "tokens": 20307485, "tokens_per_second": 3021.2644739558405}
{"stage": "pretrain", "step": 6000, "validation": {"loss": 2.6553018298644746, "perplexity": 14.229280232967282, "token_accuracy": 0.4539975868908456, "target_tokens": 17423.0}}
{"stage": "pretrain", "step": 6010, "loss": 2.3936907827063645, "perplexity": 10.953847700420084, "token_accuracy": 0.48912467015042543, "grad_norm": 3.0452752113342285, "lr": 4.380895507758155e-05, "tokens": 20339864, "tokens_per_second": 2609.728512114118}
{"stage": "pretrain", "step": 6020, "loss": 2.413366525192872, "perplexity": 11.1715070699471, "token_accuracy": 0.48518698186681014, "grad_norm": 2.6870858669281006, "lr": 4.366487945997335e-05, "tokens": 20372843, "tokens_per_second": 3053.8909874943906}
{"stage": "pretrain", "step": 6030, "loss": 2.5124217441199153, "perplexity": 12.3347655649274, "token_accuracy": 0.47244356793276027, "grad_norm": 3.1602327823638916, "lr": 4.3520927801427324e-05, "tokens": 20408453, "tokens_per_second": 3068.4741235372503}
{"stage": "pretrain", "step": 6040, "loss": 2.2726212413608535, "perplexity": 9.704806142036723, "token_accuracy": 0.5173783596976235, "grad_norm": 3.0791022777557373, "lr": 4.337710167617577e-05, "tokens": 20441527, "tokens_per_second": 3053.319503841333}
{"stage": "pretrain", "step": 6050, "loss": 2.6436254253667344, "perplexity": 14.064099635690846, "token_accuracy": 0.44573526001967845, "grad_norm": 2.9538958072662354, "lr": 4.3233402657078115e-05, "tokens": 20476752, "tokens_per_second": 3061.412947628683}
{"stage": "pretrain", "step": 6060, "loss": 2.493842070923428, "perplexity": 12.10770553416273, "token_accuracy": 0.46727500994712623, "grad_norm": 3.0231754779815674, "lr": 4.308983231560384e-05, "tokens": 20511059, "tokens_per_second": 2992.701474110496}
{"stage": "pretrain", "step": 6070, "loss": 2.5956386296054985, "perplexity": 13.405145551175295, "token_accuracy": 0.45094936804115016, "grad_norm": 3.031531572341919, "lr": 4.2946392221815165e-05, "tokens": 20543300, "tokens_per_second": 3002.113161109731}
{"stage": "pretrain", "step": 6080, "loss": 2.3647313197247395, "perplexity": 10.641179358387971, "token_accuracy": 0.48857142278900395, "grad_norm": 2.8730082511901855, "lr": 4.2803083944350016e-05, "tokens": 20577083, "tokens_per_second": 3022.4841974065807}
{"stage": "pretrain", "step": 6090, "loss": 2.4991015068297524, "perplexity": 12.171552989013414, "token_accuracy": 0.4676660834113547, "grad_norm": 3.333623170852661, "lr": 4.265990905040472e-05, "tokens": 20612031, "tokens_per_second": 2992.9882723022406}
{"stage": "pretrain", "step": 6100, "loss": 2.5151072556210545, "perplexity": 12.367935238550977, "token_accuracy": 0.4514214360073409, "grad_norm": 3.49520206451416, "lr": 4.2516869105717004e-05, "tokens": 20645865, "tokens_per_second": 2976.387731821652}
{"stage": "pretrain", "step": 6110, "loss": 2.5131563896749882, "perplexity": 12.343830574999517, "token_accuracy": 0.460544858091087, "grad_norm": 2.9712352752685547, "lr": 4.2373965674548764e-05, "tokens": 20681352, "tokens_per_second": 2984.7664090557614}
{"stage": "pretrain", "step": 6120, "loss": 2.5410384517748916, "perplexity": 12.692845036790779, "token_accuracy": 0.4685459924027191, "grad_norm": 2.9809186458587646, "lr": 4.223120031966903e-05, "tokens": 20714268, "tokens_per_second": 3073.94131103598}
{"stage": "pretrain", "step": 6130, "loss": 2.5096561685541636, "perplexity": 12.300699965878241, "token_accuracy": 0.47567874340686056, "grad_norm": 3.259059429168701, "lr": 4.208857460233687e-05, "tokens": 20745911, "tokens_per_second": 3017.9156924151994}
{"stage": "pretrain", "step": 6140, "loss": 2.5881122921841264, "perplexity": 13.304632624145334, "token_accuracy": 0.45500420468810027, "grad_norm": 3.0353784561157227, "lr": 4.1946090082284264e-05, "tokens": 20781624, "tokens_per_second": 2938.8340972837714}
{"stage": "pretrain", "step": 6150, "loss": 2.4439110146988092, "perplexity": 11.517999834305838, "token_accuracy": 0.47259929624857644, "grad_norm": 3.0417346954345703, "lr": 4.18037483176991e-05, "tokens": 20815416, "tokens_per_second": 2962.448252904054}
{"stage": "pretrain", "step": 6160, "loss": 2.4521349610733196, "perplexity": 11.613113817360784, "token_accuracy": 0.4857468700701182, "grad_norm": 3.192984104156494, "lr": 4.166155086520809e-05, "tokens": 20848209, "tokens_per_second": 3031.746064264566}
{"stage": "pretrain", "step": 6170, "loss": 2.4192400566602674, "perplexity": 11.237316345493417, "token_accuracy": 0.47838322145458867, "grad_norm": 3.327216148376465, "lr": 4.151949927985983e-05, "tokens": 20881391, "tokens_per_second": 2976.952639905183}
{"stage": "pretrain", "step": 6180, "loss": 2.541294711467689, "perplexity": 12.696098118159645, "token_accuracy": 0.47104246864140875, "grad_norm": 2.78413462638855, "lr": 4.137759511510766e-05, "tokens": 20914867, "tokens_per_second": 2987.5807403810527}
{"stage": "pretrain", "step": 6190, "loss": 2.5429956275952303, "perplexity": 12.71771149226313, "token_accuracy": 0.4558876434117717, "grad_norm": 3.3943300247192383, "lr": 4.123583992279282e-05, "tokens": 20949430, "tokens_per_second": 3015.599218113716}
{"stage": "pretrain", "step": 6200, "loss": 2.307399520969493, "perplexity": 10.048260359549303, "token_accuracy": 0.48766534393243716, "grad_norm": 3.413055896759033, "lr": 4.109423525312738e-05, "tokens": 20981402, "tokens_per_second": 2988.8208492104404}
{"stage": "pretrain", "step": 6210, "loss": 2.298789271968147, "perplexity": 9.962113739961806, "token_accuracy": 0.5017401416399224, "grad_norm": 3.151331901550293, "lr": 4.095278265467729e-05, "tokens": 21012593, "tokens_per_second": 3055.9912200787694}
{"stage": "pretrain", "step": 6220, "loss": 2.4319919535497285, "perplexity": 11.381530995786749, "token_accuracy": 0.4763612669358473, "grad_norm": 2.893944263458252, "lr": 4.081148367434554e-05, "tokens": 21045711, "tokens_per_second": 2997.1330881738536}
{"stage": "pretrain", "step": 6230, "loss": 2.373949027553404, "perplexity": 10.73972010284393, "token_accuracy": 0.4742807253472024, "grad_norm": 3.3618035316467285, "lr": 4.0670339857355124e-05, "tokens": 21079729, "tokens_per_second": 2994.8760316630664}
{"stage": "pretrain", "step": 6240, "loss": 2.5234853599556004, "perplexity": 12.471990374115673, "token_accuracy": 0.47438901790536525, "grad_norm": 3.3206632137298584, "lr": 4.052935274723222e-05, "tokens": 21114721, "tokens_per_second": 2957.5326107353653}
{"stage": "pretrain", "step": 6250, "loss": 2.423289093829442, "perplexity": 11.282908897737755, "token_accuracy": 0.48791822267620094, "grad_norm": 3.39471173286438, "lr": 4.0388523885789256e-05, "tokens": 21149100, "tokens_per_second": 2888.165925337968}
{"stage": "pretrain", "step": 6250, "validation": {"loss": 2.6540144322653734, "perplexity": 14.21097327845155, "token_accuracy": 0.45497331289201504, "target_tokens": 17423.0}}
{"stage": "pretrain", "step": 6260, "loss": 2.649862528126714, "perplexity": 14.152092996907696, "token_accuracy": 0.4576618865267678, "grad_norm": 3.615013599395752, "lr": 4.02478548131081e-05, "tokens": 21182163, "tokens_per_second": 2460.3844466624896}
{"stage": "pretrain", "step": 6270, "loss": 2.4937232077078195, "perplexity": 12.10626645887755, "token_accuracy": 0.4777209673204763, "grad_norm": 3.336228847503662, "lr": 4.010734706752323e-05, "tokens": 21217178, "tokens_per_second": 2873.224204099045}
{"stage": "pretrain", "step": 6280, "loss": 2.3949181585476316, "perplexity": 10.96730044255302, "token_accuracy": 0.47672413298110855, "grad_norm": 3.279236316680908, "lr": 3.9967002185604805e-05, "tokens": 21253165, "tokens_per_second": 2931.3707744702697}
{"stage": "pretrain", "step": 6290, "loss": 2.388124919915272, "perplexity": 10.8930494414236, "token_accuracy": 0.4852592382076351, "grad_norm": 3.2419846057891846, "lr": 3.982682170214199e-05, "tokens": 21288135, "tokens_per_second": 2944.479930016289}
{"stage": "pretrain", "step": 6300, "loss": 2.43562058646914, "perplexity": 11.422905414722658, "token_accuracy": 0.47558684415520636, "grad_norm": 3.085777521133423, "lr": 3.968680715012606e-05, "tokens": 21321999, "tokens_per_second": 2976.534907905114}
{"stage": "pretrain", "step": 6310, "loss": 2.3245645506041392, "perplexity": 10.22222785355725, "token_accuracy": 0.4955357106934701, "grad_norm": 3.526017189025879, "lr": 3.9546960060733783e-05, "tokens": 21357045, "tokens_per_second": 3007.6247922742537}
{"stage": "pretrain", "step": 6320, "loss": 2.7094668669327593, "perplexity": 15.021265046634237, "token_accuracy": 0.43012012428214674, "grad_norm": 3.2992258071899414, "lr": 3.940728196331045e-05, "tokens": 21391401, "tokens_per_second": 2880.3599358108672}
{"stage": "pretrain", "step": 6330, "loss": 2.436304848443173, "perplexity": 11.430724349325661, "token_accuracy": 0.48075748044285166, "grad_norm": 3.306269407272339, "lr": 3.92677743853534e-05, "tokens": 21425552, "tokens_per_second": 2943.270011921498}
{"stage": "pretrain", "step": 6340, "loss": 2.565825425582134, "perplexity": 13.011393875744687, "token_accuracy": 0.4622044620159027, "grad_norm": 3.0584664344787598, "lr": 3.912843885249515e-05, "tokens": 21457914, "tokens_per_second": 2899.151458109648}
{"stage": "pretrain", "step": 6350, "loss": 2.307552977158671, "perplexity": 10.049802445610247, "token_accuracy": 0.4886731381940996, "grad_norm": 3.244366407394409, "lr": 3.898927688848676e-05, "tokens": 21492340, "tokens_per_second": 2990.783473300073}
{"stage": "pretrain", "step": 6360, "loss": 2.3718486338529274, "perplexity": 10.717186135780606, "token_accuracy": 0.48462523810188407, "grad_norm": 3.0287346839904785, "lr": 3.885029001518119e-05, "tokens": 21525891, "tokens_per_second": 2959.835409653896}
{"stage": "pretrain", "step": 6370, "loss": 2.595572804287788, "perplexity": 13.40426318225186, "token_accuracy": 0.4663001915464894, "grad_norm": 3.0712060928344727, "lr": 3.8711479752516565e-05, "tokens": 21561655, "tokens_per_second": 2972.439045746717}
{"stage": "pretrain", "step": 6380, "loss": 2.478403422982352, "perplexity": 11.922214480910275, "token_accuracy": 0.48822856810433524, "grad_norm": 3.0147290229797363, "lr": 3.857284761849975e-05, "tokens": 21594399, "tokens_per_second": 2896.1962672653317}
{"stage": "pretrain", "step": 6390, "loss": 2.2771927184299616, "perplexity": 9.749273002952185, "token_accuracy": 0.4982698993561865, "grad_norm": 3.1193630695343018, "lr": 3.843439512918949e-05, "tokens": 21628640, "tokens_per_second": 2999.75238696098}
{"stage": "pretrain", "step": 6400, "loss": 2.4911083995668513, "perplexity": 12.07465224534838, "token_accuracy": 0.4618421059297888, "grad_norm": 3.1928493976593018, "lr": 3.829612379868006e-05, "tokens": 21662574, "tokens_per_second": 2916.438804629281}
{"stage": "pretrain", "step": 6410, "loss": 2.3543152757279286, "perplexity": 10.530915618904693, "token_accuracy": 0.49058443358192194, "grad_norm": 3.197150707244873, "lr": 3.815803513908459e-05, "tokens": 21696516, "tokens_per_second": 2903.66732285309}
{"stage": "pretrain", "step": 6420, "loss": 2.4261811731918956, "perplexity": 11.31558719704976, "token_accuracy": 0.4733114016604912, "grad_norm": 3.0194504261016846, "lr": 3.8020130660518495e-05, "tokens": 21731188, "tokens_per_second": 2942.3193019416112}
{"stage": "pretrain", "step": 6430, "loss": 2.4654009407741233, "perplexity": 11.768199557257635, "token_accuracy": 0.4783724296259041, "grad_norm": 3.529909372329712, "lr": 3.78824118710831e-05, "tokens": 21764184, "tokens_per_second": 2918.575072617411}
{"stage": "pretrain", "step": 6440, "loss": 2.499965756237149, "perplexity": 12.182076793412078, "token_accuracy": 0.49039615799828307, "grad_norm": 3.378113031387329, "lr": 3.774488027684898e-05, "tokens": 21798788, "tokens_per_second": 2926.926166115816}
{"stage": "pretrain", "step": 6450, "loss": 2.5115607016616397, "perplexity": 12.324149379212342, "token_accuracy": 0.4649470934358539, "grad_norm": 4.049727916717529, "lr": 3.7607537381839664e-05, "tokens": 21832044, "tokens_per_second": 2915.7206982438884}
{"stage": "pretrain", "step": 6460, "loss": 2.4841778673347044, "perplexity": 11.991257796529627, "token_accuracy": 0.47079856437103684, "grad_norm": 2.9254136085510254, "lr": 3.7470384688015e-05, "tokens": 21866246, "tokens_per_second": 2889.6707706128022}
{"stage": "pretrain", "step": 6470, "loss": 2.5091938527059034, "perplexity": 12.295014471687622, "token_accuracy": 0.47728726923732673, "grad_norm": 3.264207363128662, "lr": 3.733342369525489e-05, "tokens": 21900776, "tokens_per_second": 2864.617353127033}
{"stage": "pretrain", "step": 6480, "loss": 2.4596312762291284, "perplexity": 11.700496493311519, "token_accuracy": 0.4741913256198886, "grad_norm": 3.696464776992798, "lr": 3.7196655901342836e-05, "tokens": 21934488, "tokens_per_second": 2909.0876258402927}
{"stage": "pretrain", "step": 6490, "loss": 2.37155984221278, "perplexity": 10.714091548885609, "token_accuracy": 0.4859114443693715, "grad_norm": 3.362281084060669, "lr": 3.706008280194948e-05, "tokens": 21967269, "tokens_per_second": 2951.9184770112256}
{"stage": "pretrain", "step": 6500, "loss": 2.5132684216741876, "perplexity": 12.345213556484257, "token_accuracy": 0.4534632085350814, "grad_norm": 3.0119245052337646, "lr": 3.692370589061639e-05, "tokens": 22000962, "tokens_per_second": 2866.466807365356}
{"stage": "pretrain", "step": 6500, "validation": {"loss": 2.6465965929859534, "perplexity": 14.105948572438466, "token_accuracy": 0.457556103509541, "target_tokens": 17423.0}}
{"stage": "pretrain", "step": 6510, "loss": 2.411182993890178, "perplexity": 11.147140346994078, "token_accuracy": 0.48127600043888064, "grad_norm": 3.288855791091919, "lr": 3.678752665873958e-05, "tokens": 22034125, "tokens_per_second": 2454.791620981777}
{"stage": "pretrain", "step": 6520, "loss": 2.445082261048375, "perplexity": 11.531498152951185, "token_accuracy": 0.4802483099577927, "grad_norm": 3.5868189334869385, "lr": 3.665154659555336e-05, "tokens": 22067381, "tokens_per_second": 2887.1105873092015}
{"stage": "pretrain", "step": 6530, "loss": 2.655624626866117, "perplexity": 14.233874143372379, "token_accuracy": 0.4439220969672168, "grad_norm": 4.002377986907959, "lr": 3.651576718811387e-05, "tokens": 22101453, "tokens_per_second": 2912.098508068565}
{"stage": "pretrain", "step": 6540, "loss": 2.2610450217689864, "perplexity": 9.593108938085502, "token_accuracy": 0.5071262775132859, "grad_norm": 3.2685675621032715, "lr": 3.638018992128296e-05, "tokens": 22134897, "tokens_per_second": 2945.9522672181893}
{"stage": "pretrain", "step": 6550, "loss": 2.4876966595814753, "perplexity": 12.033526865915636, "token_accuracy": 0.4658514085347387, "grad_norm": 2.7739017009735107, "lr": 3.624481627771195e-05, "tokens": 22167800, "tokens_per_second": 2925.478476599653}
{"stage": "pretrain", "step": 6560, "loss": 2.358577066580838, "perplexity": 10.57589195054661, "token_accuracy": 0.4909529535165023, "grad_norm": 3.265768051147461, "lr": 3.6109647737825246e-05, "tokens": 22203016, "tokens_per_second": 2833.6480287644517}
{"stage": "pretrain", "step": 6570, "loss": 2.4158545942730854, "perplexity": 11.199337158501818, "token_accuracy": 0.4891198539877139, "grad_norm": 3.211477041244507, "lr": 3.5974685779804395e-05, "tokens": 22236196, "tokens_per_second": 2801.506866713192}
{"stage": "pretrain", "step": 6580, "loss": 2.4175351512903513, "perplexity": 11.21817410700187, "token_accuracy": 0.47785934457247103, "grad_norm": 2.9190378189086914, "lr": 3.583993187957173e-05, "tokens": 22269968, "tokens_per_second": 2864.2762413785717}
{"stage": "pretrain", "step": 6590, "loss": 2.411176820028396, "perplexity": 11.147071526302758, "token_accuracy": 0.4876750714889094, "grad_norm": 3.479342460632324, "lr": 3.5705387510774335e-05, "tokens": 22304925, "tokens_per_second": 2863.725899647212}
{"stage": "pretrain", "step": 6600, "loss": 2.464429159103588, "perplexity": 11.756768991539362, "token_accuracy": 0.4851674659590592, "grad_norm": 3.004115581512451, "lr": 3.557105414476782e-05, "tokens": 22338775, "tokens_per_second": 2897.4330494997466}
{"stage": "pretrain", "step": 6610, "loss": 2.4415854834943556, "perplexity": 11.491245487370099, "token_accuracy": 0.47764572189160504, "grad_norm": 3.0658605098724365, "lr": 3.54369332506004e-05, "tokens": 22373230, "tokens_per_second": 2948.7951052606268}
{"stage": "pretrain", "step": 6620, "loss": 2.4400777985994844, "perplexity": 11.47393336401834, "token_accuracy": 0.48965517516280044, "grad_norm": 3.2510430812835693, "lr": 3.530302629499667e-05, "tokens": 22407876, "tokens_per_second": 3002.9416693860953}
{"stage": "pretrain", "step": 6630, "loss": 2.4747817333492823, "perplexity": 11.879114015686651, "token_accuracy": 0.47489990518391956, "grad_norm": 3.203141212463379, "lr": 3.516933474234164e-05, "tokens": 22441269, "tokens_per_second": 3010.2983529051853}
{"stage": "pretrain", "step": 6640, "loss": 2.56327739199161, "perplexity": 12.978282609313805, "token_accuracy": 0.45668720689188014, "grad_norm": 3.585925817489624, "lr": 3.503586005466474e-05, "tokens": 22476147, "tokens_per_second": 3074.7450774982503}
{"stage": "pretrain", "step": 6650, "loss": 2.571319144132752, "perplexity": 13.083071519775784, "token_accuracy": 0.4684743499958371, "grad_norm": 3.4884514808654785, "lr": 3.4902603691623715e-05, "tokens": 22508436, "tokens_per_second": 3043.584048066051}
{"stage": "pretrain", "step": 6660, "loss": 2.330486193179659, "perplexity": 10.282939813084122, "token_accuracy": 0.490336015629974, "grad_norm": 3.29373836517334, "lr": 3.476956711048885e-05, "tokens": 22543338, "tokens_per_second": 3021.8243963115087}
{"stage": "pretrain", "step": 6670, "loss": 2.3489120589215484, "perplexity": 10.474168245886249, "token_accuracy": 0.4829178189783692, "grad_norm": 3.067676067352295, "lr": 3.4636751766126826e-05, "tokens": 22575932, "tokens_per_second": 2999.721662475449}
{"stage": "pretrain", "step": 6680, "loss": 2.383226619818196, "perplexity": 10.839822483518109, "token_accuracy": 0.4928571445138558, "grad_norm": 3.412527561187744, "lr": 3.4504159110985035e-05, "tokens": 22608971, "tokens_per_second": 3035.0412530168946}
{"stage": "pretrain", "step": 6690, "loss": 2.4471215747252257, "perplexity": 11.555038489756182, "token_accuracy": 0.4934927921269169, "grad_norm": 3.170109510421753, "lr": 3.437179059507549e-05, "tokens": 22641800, "tokens_per_second": 2967.9481576941184}
{"stage": "pretrain", "step": 6700, "loss": 2.3546659957646083, "perplexity": 10.534609669767788, "token_accuracy": 0.4810784052363605, "grad_norm": 2.7697348594665527, "lr": 3.423964766595906e-05, "tokens": 22676580, "tokens_per_second": 2873.979919883033}
{"stage": "pretrain", "step": 6710, "loss": 2.489082154298087, "perplexity": 12.050210808899125, "token_accuracy": 0.47148014326388227, "grad_norm": 3.5284242630004883, "lr": 3.4107731768729654e-05, "tokens": 22710323, "tokens_per_second": 2911.42169377683}
{"stage": "pretrain", "step": 6720, "loss": 2.4841766066318063, "perplexity": 11.991242679125701, "token_accuracy": 0.4725484856488567, "grad_norm": 3.3550519943237305, "lr": 3.3976044345998365e-05, "tokens": 22745302, "tokens_per_second": 2977.0492869386553}
{"stage": "pretrain", "step": 6730, "loss": 2.423786618725948, "perplexity": 11.288523822485994, "token_accuracy": 0.46937555867164643, "grad_norm": 3.170759677886963, "lr": 3.38445868378778e-05, "tokens": 22778552, "tokens_per_second": 3047.7675622821516}
{"stage": "pretrain", "step": 6740, "loss": 2.5375620836877903, "perplexity": 12.648796643944836, "token_accuracy": 0.45748988495457715, "grad_norm": 3.311170816421509, "lr": 3.371336068196617e-05, "tokens": 22812525, "tokens_per_second": 3032.9204707907716}
{"stage": "pretrain", "step": 6750, "loss": 2.467557555908555, "perplexity": 11.79360642109411, "token_accuracy": 0.46437925623311244, "grad_norm": 3.3272573947906494, "lr": 3.358236731333169e-05, "tokens": 22845923, "tokens_per_second": 3050.348871513602}
{"stage": "pretrain", "step": 6750, "validation": {"loss": 2.6436393303102927, "perplexity": 14.064295197562114, "token_accuracy": 0.4564081979476645, "target_tokens": 17423.0}}
{"stage": "pretrain", "step": 6760, "loss": 2.5771624201149006, "perplexity": 13.159743306408833, "token_accuracy": 0.45358238024634506, "grad_norm": 2.9133994579315186, "lr": 3.345160816449687e-05, "tokens": 22880582, "tokens_per_second": 2538.4487916077564}
{"stage": "pretrain", "step": 6770, "loss": 2.3401327044388345, "perplexity": 10.382614290317571, "token_accuracy": 0.4879310339792021, "grad_norm": 3.434309244155884, "lr": 3.3321084665422807e-05, "tokens": 22914906, "tokens_per_second": 2993.5300388018395}
{"stage": "pretrain", "step": 6780, "loss": 2.367242087633157, "perplexity": 10.667930458877892, "token_accuracy": 0.48682851193488136, "grad_norm": 3.1610476970672607, "lr": 3.3190798243493595e-05, "tokens": 22949217, "tokens_per_second": 3042.801146090521}
{"stage": "pretrain", "step": 6790, "loss": 2.534915488632546, "perplexity": 12.615364661266627, "token_accuracy": 0.46366559121386414, "grad_norm": 3.1040542125701904, "lr": 3.306075032350062e-05, "tokens": 22981300, "tokens_per_second": 2977.749575494766}
{"stage": "pretrain", "step": 6800, "loss": 2.4390745682735697, "perplexity": 11.462428138270694, "token_accuracy": 0.47857555684908043, "grad_norm": 3.0249109268188477, "lr": 3.293094232762715e-05, "tokens": 23014276, "tokens_per_second": 3029.4469717275892}
{"stage": "pretrain", "step": 6810, "loss": 2.4995177631558994, "perplexity": 12.17662052956886, "token_accuracy": 0.4707420727383588, "grad_norm": 3.3590047359466553, "lr": 3.2801375675432575e-05, "tokens": 23046782, "tokens_per_second": 2997.2754675669644}
{"stage": "pretrain", "step": 6820, "loss": 2.443245301800093, "perplexity": 11.510334704919563, "token_accuracy": 0.4815002508835326, "grad_norm": 3.188035011291504, "lr": 3.26720517838371e-05, "tokens": 23079594, "tokens_per_second": 2984.5107378191965}
{"stage": "pretrain", "step": 6830, "loss": 2.415478371235454, "perplexity": 11.195124502355425, "token_accuracy": 0.4906439309305192, "grad_norm": 2.8443379402160645, "lr": 3.2542972067106084e-05, "tokens": 23113647, "tokens_per_second": 2929.5685005451605}
{"stage": "pretrain", "step": 6840, "loss": 2.3626256780531856, "perplexity": 10.618796421189103, "token_accuracy": 0.5042634519521926, "grad_norm": 2.956712484359741, "lr": 3.241413793683458e-05, "tokens": 23146516, "tokens_per_second": 3012.278523632692}
{"stage": "pretrain", "step": 6850, "loss": 2.4202283787568564, "perplexity": 11.248427923548624, "token_accuracy": 0.4839835071465419, "grad_norm": 3.1784579753875732, "lr": 3.2285550801932046e-05, "tokens": 23180321, "tokens_per_second": 2942.628896060639}
{"stage": "pretrain", "step": 6860, "loss": 2.413270498759227, "perplexity": 11.17043436146974, "token_accuracy": 0.49675424620393993, "grad_norm": 3.065648317337036, "lr": 3.215721206860673e-05, "tokens": 23215724, "tokens_per_second": 2958.837321618264}
{"stage": "pretrain", "step": 6870, "loss": 2.3272875322571283, "perplexity": 10.250100723890178, "token_accuracy": 0.48322784470606456, "grad_norm": 3.380347728729248, "lr": 3.202912314035054e-05, "tokens": 23248171, "tokens_per_second": 3021.5130224205423}
{"stage": "pretrain", "step": 6880, "loss": 2.5940548792040676, "perplexity": 13.383931949486588, "token_accuracy": 0.4669325424215254, "grad_norm": 3.6769893169403076, "lr": 3.19012854179234e-05, "tokens": 23281539, "tokens_per_second": 2951.0075336179198}
{"stage": "pretrain", "step": 6890, "loss": 2.2419823339322305, "perplexity": 9.41197047523399, "token_accuracy": 0.4899451561480348, "grad_norm": 2.9840877056121826, "lr": 3.177370029933818e-05, "tokens": 23317569, "tokens_per_second": 2801.0564313934133}
{"stage": "pretrain", "step": 6900, "loss": 2.3795658852111243, "perplexity": 10.800213313780846, "token_accuracy": 0.4971919449930503, "grad_norm": 3.5073258876800537, "lr": 3.164636917984534e-05, "tokens": 23351805, "tokens_per_second": 3029.1919126225425}
{"stage": "pretrain", "step": 6910, "loss": 2.5430576725524814, "perplexity": 12.718500586608407, "token_accuracy": 0.4754259469156028, "grad_norm": 3.803638458251953, "lr": 3.151929345191752e-05, "tokens": 23388185, "tokens_per_second": 2953.4335687477856}
{"stage": "pretrain", "step": 6920, "loss": 2.4103867584294396, "perplexity": 11.138268131219125, "token_accuracy": 0.4762831393079264, "grad_norm": 3.102731466293335, "lr": 3.1392474505234604e-05, "tokens": 23422027, "tokens_per_second": 2921.4292406780937}
{"stage": "pretrain", "step": 6930, "loss": 2.4655919486839486, "perplexity": 11.770447591146766, "token_accuracy": 0.47254781425918496, "grad_norm": 3.353739023208618, "lr": 3.1265913726668214e-05, "tokens": 23454728, "tokens_per_second": 2939.098721919679}
{"stage": "pretrain", "step": 6940, "loss": 2.462989969131274, "perplexity": 11.739860937369361, "token_accuracy": 0.4731379699630615, "grad_norm": 2.9860010147094727, "lr": 3.11396125002668e-05, "tokens": 23488573, "tokens_per_second": 3027.684341215373}
{"stage": "pretrain", "step": 6950, "loss": 2.455430689173151, "perplexity": 11.651450622036787, "token_accuracy": 0.48440120243978196, "grad_norm": 3.3294076919555664, "lr": 3.101357220724029e-05, "tokens": 23522094, "tokens_per_second": 3047.521658676526}
{"stage": "pretrain", "step": 6960, "loss": 2.369423834408062, "perplexity": 10.691230590002009, "token_accuracy": 0.48229108679901517, "grad_norm": 3.2780921459198, "lr": 3.088779422594514e-05, "tokens": 23555822, "tokens_per_second": 3061.831657946667}
{"stage": "pretrain", "step": 6970, "loss": 2.3429722664905226, "perplexity": 10.412138265595653, "token_accuracy": 0.4949230316854328, "grad_norm": 3.542675018310547, "lr": 3.076227993186925e-05, "tokens": 23589989, "tokens_per_second": 2993.196163147063}
{"stage": "pretrain", "step": 6980, "loss": 2.3564853933266083, "perplexity": 10.553793759368565, "token_accuracy": 0.49322125535466405, "grad_norm": 3.3852224349975586, "lr": 3.063703069761679e-05, "tokens": 23625847, "tokens_per_second": 2971.910309349339}
{"stage": "pretrain", "step": 6990, "loss": 2.314133806314408, "perplexity": 10.116156571669336, "token_accuracy": 0.4973262097572434, "grad_norm": 2.852299451828003, "lr": 3.0512047892893348e-05, "tokens": 23662144, "tokens_per_second": 2971.0827922695776}
{"stage": "pretrain", "step": 7000, "loss": 2.4315507782698047, "perplexity": 11.376510853126566, "token_accuracy": 0.4755375588393427, "grad_norm": 3.348646402359009, "lr": 3.0387332884490805e-05, "tokens": 23696145, "tokens_per_second": 3048.592078767104}
{"stage": "pretrain", "step": 7000, "validation": {"loss": 2.6408929712345564, "perplexity": 14.025722584170339, "token_accuracy": 0.45749870856593866, "target_tokens": 17423.0}}
{"stage": "pretrain", "step": 7010, "loss": 2.411074800887061, "perplexity": 11.1459343696441, "token_accuracy": 0.48178650629947106, "grad_norm": 3.0775749683380127, "lr": 3.0262887036272535e-05, "tokens": 23730176, "tokens_per_second": 2596.206116740618}
{"stage": "pretrain", "step": 7020, "loss": 2.3725634847038104, "perplexity": 10.724850064365413, "token_accuracy": 0.49043384867355655, "grad_norm": 3.146833658218384, "lr": 3.0138711709158406e-05, "tokens": 23764223, "tokens_per_second": 3054.552047340076}
{"stage": "pretrain", "step": 7030, "loss": 2.5211214737273067, "perplexity": 12.442542826869223, "token_accuracy": 0.4658643780786995, "grad_norm": 3.297391653060913, "lr": 3.00148082611099e-05, "tokens": 23799265, "tokens_per_second": 3042.247377485676}
{"stage": "pretrain", "step": 7040, "loss": 2.4962754027952516, "perplexity": 12.137203474517843, "token_accuracy": 0.45587144409328223, "grad_norm": 3.210721254348755, "lr": 2.9891178047115285e-05, "tokens": 23833654, "tokens_per_second": 3070.191834283458}
{"stage": "pretrain", "step": 7050, "loss": 2.3796505861812167, "perplexity": 10.80112814106856, "token_accuracy": 0.48534798016259956, "grad_norm": 3.411280393600464, "lr": 2.9767822419174735e-05, "tokens": 23865449, "tokens_per_second": 2951.9145114778676}
{"stage": "pretrain", "step": 7060, "loss": 2.530420102682201, "perplexity": 12.558781006183107, "token_accuracy": 0.46741374686417486, "grad_norm": 3.4040725231170654, "lr": 2.9644742726285662e-05, "tokens": 23899976, "tokens_per_second": 3054.3363471786074}
{"stage": "pretrain", "step": 7070, "loss": 2.515489432185176, "perplexity": 12.37266287688447, "token_accuracy": 0.4601820183237665, "grad_norm": 3.026646375656128, "lr": 2.9521940314427865e-05, "tokens": 23934286, "tokens_per_second": 2986.692995925572}
{"stage": "pretrain", "step": 7080, "loss": 2.474038136434985, "perplexity": 11.870284026543208, "token_accuracy": 0.4777590072973891, "grad_norm": 3.481724977493286, "lr": 2.9399416526548852e-05, "tokens": 23965880, "tokens_per_second": 2940.5687385591464}
{"stage": "pretrain", "step": 7090, "loss": 2.353867299311762, "perplexity": 10.526199073596194, "token_accuracy": 0.48655914071070533, "grad_norm": 3.4103658199310303, "lr": 2.9277172702549115e-05, "tokens": 24000222, "tokens_per_second": 3006.875974906085}
{"stage": "pretrain", "step": 7100, "loss": 2.353874576146642, "perplexity": 10.52627567128746, "token_accuracy": 0.4936366043389731, "grad_norm": 3.1775903701782227, "lr": 2.9155210179267546e-05, "tokens": 24033274, "tokens_per_second": 3066.9792252790885}
{"stage": "pretrain", "step": 7110, "loss": 2.3880654564080315, "perplexity": 10.892401721757302, "token_accuracy": 0.48429613092008494, "grad_norm": 3.17582368850708, "lr": 2.903353029046675e-05, "tokens": 24065831, "tokens_per_second": 2970.1449559845532}
{"stage": "pretrain", "step": 7120, "loss": 2.4742752933801624, "perplexity": 11.873099480680388, "token_accuracy": 0.4841444186831194, "grad_norm": 3.0818426609039307, "lr": 2.89121343668185e-05, "tokens": 24099175, "tokens_per_second": 3033.417055306269}
{"stage": "pretrain", "step": 7130, "loss": 2.35175474815139, "perplexity": 10.50398541153913, "token_accuracy": 0.5051605553203903, "grad_norm": 3.2537941932678223, "lr": 2.879102373588919e-05, "tokens": 24132459, "tokens_per_second": 2935.4628722635766}
{"stage": "pretrain", "step": 7140, "loss": 2.3814545779729315, "perplexity": 10.820630873671954, "token_accuracy": 0.4850948399465079, "grad_norm": 3.310288667678833, "lr": 2.8670199722125236e-05, "tokens": 24166038, "tokens_per_second": 3029.143248360745}
{"stage": "pretrain", "step": 7150, "loss": 2.423956739976032, "perplexity": 11.290444403631477, "token_accuracy": 0.5037697030919476, "grad_norm": 3.5128462314605713, "lr": 2.854966364683872e-05, "tokens": 24199993, "tokens_per_second": 3063.6779570594845}
{"stage": "pretrain", "step": 7160, "loss": 2.3263599094921332, "perplexity": 10.240596905775714, "token_accuracy": 0.48830503128881986, "grad_norm": 3.263805389404297, "lr": 2.8429416828192834e-05, "tokens": 24233594, "tokens_per_second": 3069.287597102635}
{"stage": "pretrain", "step": 7170, "loss": 2.448495535283819, "perplexity": 11.57092556850467, "token_accuracy": 0.48708186510758844, "grad_norm": 3.4007625579833984, "lr": 2.830946058118753e-05, "tokens": 24267520, "tokens_per_second": 3045.6353017487945}
{"stage": "pretrain", "step": 7180, "loss": 2.4263668463556476, "perplexity": 11.31768839298616, "token_accuracy": 0.4905550652934659, "grad_norm": 3.48268985748291, "lr": 2.8189796217645138e-05, "tokens": 24300939, "tokens_per_second": 3033.70457437997}
{"stage": "pretrain", "step": 7190, "loss": 2.418999776114888, "perplexity": 11.23461656135911, "token_accuracy": 0.4985540815951715, "grad_norm": 3.459779739379883, "lr": 2.807042504619591e-05, "tokens": 24334721, "tokens_per_second": 3057.95257458947}
{"stage": "pretrain", "step": 7200, "loss": 2.370464690815915, "perplexity": 10.702364419223006, "token_accuracy": 0.5073908566199204, "grad_norm": 3.0049190521240234, "lr": 2.7951348372263875e-05, "tokens": 24368785, "tokens_per_second": 3043.7560868658884}
{"stage": "pretrain", "step": 7210, "loss": 2.2130149508547805, "perplexity": 9.143241302245755, "token_accuracy": 0.5080054875289424, "grad_norm": 2.674257516860962, "lr": 2.7832567498052464e-05, "tokens": 24402820, "tokens_per_second": 2981.8253928630324}
{"stage": "pretrain", "step": 7220, "loss": 2.4666970542904085, "perplexity": 11.783462368797625, "token_accuracy": 0.47890897309292396, "grad_norm": 3.2184953689575195, "lr": 2.7714083722530305e-05, "tokens": 24436306, "tokens_per_second": 3055.6040452736465}
{"stage": "pretrain", "step": 7230, "loss": 2.603603232751463, "perplexity": 13.51233852370001, "token_accuracy": 0.46283391219294445, "grad_norm": 3.290452003479004, "lr": 2.7595898341416954e-05, "tokens": 24468274, "tokens_per_second": 3137.679752445824}
{"stage": "pretrain", "step": 7240, "loss": 2.3838821705719195, "perplexity": 10.84693086701592, "token_accuracy": 0.4794069195206122, "grad_norm": 3.446758270263672, "lr": 2.7478012647168815e-05, "tokens": 24502028, "tokens_per_second": 3109.3716046281484}
{"stage": "pretrain", "step": 7250, "loss": 2.322295002992266, "perplexity": 10.199054327401596, "token_accuracy": 0.5001280460635464, "grad_norm": 3.4216909408569336, "lr": 2.736042792896495e-05, "tokens": 24537735, "tokens_per_second": 3031.5532950980364}
{"stage": "pretrain", "step": 7250, "validation": {"loss": 2.6414375113597974, "perplexity": 14.033362232761743, "token_accuracy": 0.4574413080682904, "target_tokens": 17423.0}}
{"stage": "pretrain", "step": 7260, "loss": 2.1162413641708784, "perplexity": 8.2998825505881, "token_accuracy": 0.5303670089327697, "grad_norm": 3.474529266357422, "lr": 2.724314547269301e-05, "tokens": 24570274, "tokens_per_second": 2584.4992369081274}
{"stage": "pretrain", "step": 7270, "loss": 2.5098320637277145, "perplexity": 12.302863789931061, "token_accuracy": 0.4741580481030775, "grad_norm": 3.2485268115997314, "lr": 2.712616656093515e-05, "tokens": 24604274, "tokens_per_second": 3040.9598809616714}
{"stage": "pretrain", "step": 7280, "loss": 2.558381062819585, "perplexity": 12.914891982901766, "token_accuracy": 0.469823281778499, "grad_norm": 3.607969284057617, "lr": 2.700949247295398e-05, "tokens": 24639008, "tokens_per_second": 3087.914280564809}
{"stage": "pretrain", "step": 7290, "loss": 2.3853053953860983, "perplexity": 10.862379478999815, "token_accuracy": 0.4750074812196322, "grad_norm": 3.4416003227233887, "lr": 2.689312448467865e-05, "tokens": 24672744, "tokens_per_second": 3135.6280964008365}
{"stage": "pretrain", "step": 7300, "loss": 2.2430676568971646, "perplexity": 9.422191048244088, "token_accuracy": 0.5018181831269831, "grad_norm": 3.5472986698150635, "lr": 2.677706386869083e-05, "tokens": 24706928, "tokens_per_second": 3119.75526111976}
{"stage": "pretrain", "step": 7310, "loss": 2.519133076825774, "perplexity": 12.417826694149339, "token_accuracy": 0.4689758974295783, "grad_norm": 3.419248104095459, "lr": 2.6661311894210838e-05, "tokens": 24739916, "tokens_per_second": 3090.443709493028}
{"stage": "pretrain", "step": 7320, "loss": 2.528922162015942, "perplexity": 12.539982780223863, "token_accuracy": 0.4679122673538749, "grad_norm": 3.013087511062622, "lr": 2.654586982708373e-05, "tokens": 24775521, "tokens_per_second": 3048.3528083753727}
{"stage": "pretrain", "step": 7330, "loss": 2.5281912682015384, "perplexity": 12.530820733026749, "token_accuracy": 0.46510172454590715, "grad_norm": 3.396634101867676, "lr": 2.6430738929765418e-05, "tokens": 24808130, "tokens_per_second": 2942.7270834913575}
{"stage": "pretrain", "step": 7340, "loss": 2.5466186136127, "perplexity": 12.76387115058107, "token_accuracy": 0.47757697996086224, "grad_norm": 2.961998462677002, "lr": 2.6315920461308964e-05, "tokens": 24841566, "tokens_per_second": 3006.9423942634917}
{"stage": "pretrain", "step": 7350, "loss": 2.2343720463197534, "perplexity": 9.340614536914103, "token_accuracy": 0.5015360936560633, "grad_norm": 3.316371202468872, "lr": 2.6201415677350754e-05, "tokens": 24877190, "tokens_per_second": 2987.097804905232}
{"stage": "pretrain", "step": 7360, "loss": 2.4483679269838485, "perplexity": 11.569449116569553, "token_accuracy": 0.48199652010671606, "grad_norm": 3.2403337955474854, "lr": 2.6087225830096772e-05, "tokens": 24912343, "tokens_per_second": 3026.258076087117}
{"stage": "pretrain", "step": 7370, "loss": 2.348449891293358, "perplexity": 10.46932854285396, "token_accuracy": 0.49863573971825764, "grad_norm": 3.4990551471710205, "lr": 2.597335216830886e-05, "tokens": 24945425, "tokens_per_second": 2983.5821293772638}
{"stage": "pretrain", "step": 7380, "loss": 2.466808077695644, "perplexity": 11.784770681540598, "token_accuracy": 0.48022597667506645, "grad_norm": 3.4419684410095215, "lr": 2.5859795937291154e-05, "tokens": 24981855, "tokens_per_second": 3012.1605962849494}
{"stage": "pretrain", "step": 7390, "loss": 2.3124098345503965, "perplexity": 10.098731627750801, "token_accuracy": 0.50480609018952, "grad_norm": 3.3846004009246826, "lr": 2.5746558378876408e-05, "tokens": 25013641, "tokens_per_second": 3036.7177656054355}
{"stage": "pretrain", "step": 7400, "loss": 2.4305360671028744, "perplexity": 11.364972835390915, "token_accuracy": 0.48289105320068376, "grad_norm": 3.621908664703369, "lr": 2.5633640731412412e-05, "tokens": 25045465, "tokens_per_second": 3035.4245612304476}
{"stage": "pretrain", "step": 7410, "loss": 2.368495185305842, "perplexity": 10.68130679688694, "token_accuracy": 0.4918836051070489, "grad_norm": 3.306033134460449, "lr": 2.552104422974848e-05, "tokens": 25078766, "tokens_per_second": 3027.283806339471}
{"stage": "pretrain", "step": 7420, "loss": 2.29308676237137, "perplexity": 9.905466360376133, "token_accuracy": 0.4994810613159324, "grad_norm": 3.0273375511169434, "lr": 2.5408770105221903e-05, "tokens": 25113005, "tokens_per_second": 3045.674442497957}
{"stage": "pretrain", "step": 7430, "loss": 2.414170433344152, "perplexity": 11.180491546405776, "token_accuracy": 0.47716173234255754, "grad_norm": 3.3347508907318115, "lr": 2.529681958564451e-05, "tokens": 25147228, "tokens_per_second": 3044.1195742159066}
{"stage": "pretrain", "step": 7440, "loss": 2.3134311310344784, "perplexity": 10.109050695372712, "token_accuracy": 0.49849216444968314, "grad_norm": 3.4994711875915527, "lr": 2.5185193895289266e-05, "tokens": 25181084, "tokens_per_second": 3072.862986049668}
{"stage": "pretrain", "step": 7450, "loss": 2.497123754501343, "perplexity": 12.147504460604386, "token_accuracy": 0.48512000330924987, "grad_norm": 3.1779425144195557, "lr": 2.507389425487683e-05, "tokens": 25216153, "tokens_per_second": 3025.001040138163}
{"stage": "pretrain", "step": 7460, "loss": 2.3888706165992795, "perplexity": 10.901175381637591, "token_accuracy": 0.4854085586008395, "grad_norm": 3.3703060150146484, "lr": 2.4962921881562244e-05, "tokens": 25248601, "tokens_per_second": 3014.479576055261}
{"stage": "pretrain", "step": 7470, "loss": 2.4864377954998753, "perplexity": 12.018387822167654, "token_accuracy": 0.4829976922334638, "grad_norm": 3.451509475708008, "lr": 2.485227798892158e-05, "tokens": 25282073, "tokens_per_second": 3039.755744741561}
{"stage": "pretrain", "step": 7480, "loss": 2.4311553660663607, "perplexity": 11.372013331148764, "token_accuracy": 0.4899093359142202, "grad_norm": 3.471745252609253, "lr": 2.4741963786938745e-05, "tokens": 25315560, "tokens_per_second": 3028.2099761698087}
{"stage": "pretrain", "step": 7490, "loss": 2.362180572941646, "perplexity": 10.614070992357915, "token_accuracy": 0.49536321615816575, "grad_norm": 3.3189597129821777, "lr": 2.463198048199216e-05, "tokens": 25349764, "tokens_per_second": 3074.4038697977417}
{"stage": "pretrain", "step": 7500, "loss": 2.3771995486082584, "perplexity": 10.774686588021956, "token_accuracy": 0.4977692809167221, "grad_norm": 3.09592342376709, "lr": 2.4522329276841663e-05, "tokens": 25384371, "tokens_per_second": 3075.757882144171}
{"stage": "pretrain", "step": 7500, "validation": {"loss": 2.628581965605263, "perplexity": 13.854110361470756, "token_accuracy": 0.46031108096602014, "target_tokens": 17423.0}}
{"stage": "pretrain", "step": 7510, "loss": 2.4627168940038855, "perplexity": 11.736655511029385, "token_accuracy": 0.462691229728844, "grad_norm": 3.230332851409912, "lr": 2.441301137061522e-05, "tokens": 25419169, "tokens_per_second": 2661.6076503845115}
{"stage": "pretrain", "step": 7520, "loss": 2.4192321420465626, "perplexity": 11.23722740682742, "token_accuracy": 0.48916840082611096, "grad_norm": 3.4810876846313477, "lr": 2.4304027958795957e-05, "tokens": 25452438, "tokens_per_second": 3089.178304104146}
{"stage": "pretrain", "step": 7530, "loss": 2.315516394450899, "perplexity": 10.13015272295905, "token_accuracy": 0.4927261343314983, "grad_norm": 3.0018720626831055, "lr": 2.4195380233209008e-05, "tokens": 25490707, "tokens_per_second": 3066.982601976223}
{"stage": "pretrain", "step": 7540, "loss": 2.437185465835589, "perplexity": 11.44079487748592, "token_accuracy": 0.49326305230179235, "grad_norm": 3.2394473552703857, "lr": 2.4087069382008495e-05, "tokens": 25524245, "tokens_per_second": 3069.93730577784}
{"stage": "pretrain", "step": 7550, "loss": 2.171132684889912, "perplexity": 8.7682100371872, "token_accuracy": 0.5137489825414112, "grad_norm": 3.2095863819122314, "lr": 2.397909658966454e-05, "tokens": 25557858, "tokens_per_second": 3131.4812108391397}
{"stage": "pretrain", "step": 7560, "loss": 2.325781860617967, "perplexity": 10.23467905083302, "token_accuracy": 0.49858916557602095, "grad_norm": 3.232884645462036, "lr": 2.3871463036950283e-05, "tokens": 25592098, "tokens_per_second": 3213.8612514182914}
{"stage": "pretrain", "step": 7570, "loss": 2.4486208942686263, "perplexity": 11.572376178908844, "token_accuracy": 0.4898502440004301, "grad_norm": 3.7763705253601074, "lr": 2.3764169900929038e-05, "tokens": 25625610, "tokens_per_second": 3105.2788477258955}
{"stage": "pretrain", "step": 7580, "loss": 2.4228387550450563, "perplexity": 11.277828910203972, "token_accuracy": 0.47709067553062157, "grad_norm": 3.2810630798339844, "lr": 2.3657218354941303e-05, "tokens": 25657563, "tokens_per_second": 3097.468198739409}
{"stage": "pretrain", "step": 7590, "loss": 2.3979744349555245, "perplexity": 11.000870818196162, "token_accuracy": 0.49659376483785933, "grad_norm": 3.300020694732666, "lr": 2.3550609568592088e-05, "tokens": 25692638, "tokens_per_second": 3029.8852706439966}
{"stage": "pretrain", "step": 7600, "loss": 2.396677746092986, "perplexity": 10.986615355974958, "token_accuracy": 0.4733998368394345, "grad_norm": 3.0886003971099854, "lr": 2.3444344707738015e-05, "tokens": 25727435, "tokens_per_second": 3107.9472293087156}
{"stage": "pretrain", "step": 7610, "loss": 2.3672471072556993, "perplexity": 10.667984007996504, "token_accuracy": 0.4919308409481296, "grad_norm": 3.2897303104400635, "lr": 2.333842493447454e-05, "tokens": 25763083, "tokens_per_second": 3106.8923794796156}
{"stage": "pretrain", "step": 7620, "loss": 2.4324647092770904, "perplexity": 11.386912951826186, "token_accuracy": 0.49476527775191487, "grad_norm": 3.4046578407287598, "lr": 2.3232851407123366e-05, "tokens": 25794812, "tokens_per_second": 3145.6224979590916}
{"stage": "pretrain", "step": 7630, "loss": 2.3382477527250543, "perplexity": 10.363061997071028, "token_accuracy": 0.5016512557214601, "grad_norm": 3.4189701080322266, "lr": 2.312762528021962e-05, "tokens": 25829032, "tokens_per_second": 3089.5814439320343}
{"stage": "pretrain", "step": 7640, "loss": 2.3880040970613723, "perplexity": 10.891733391608465, "token_accuracy": 0.491382020911764, "grad_norm": 3.548098564147949, "lr": 2.3022747704499438e-05, "tokens": 25864314, "tokens_per_second": 3111.0977764361583}
{"stage": "pretrain", "step": 7650, "loss": 2.469046284693849, "perplexity": 11.811176978107467, "token_accuracy": 0.4641582924864178, "grad_norm": 3.548856019973755, "lr": 2.2918219826887135e-05, "tokens": 25895780, "tokens_per_second": 3100.067058169953}
{"stage": "pretrain", "step": 7660, "loss": 2.474064058220049, "perplexity": 11.870591729482483, "token_accuracy": 0.48231131918201187, "grad_norm": 3.3722403049468994, "lr": 2.2814042790482863e-05, "tokens": 25927481, "tokens_per_second": 3133.8132671837657}
{"stage": "pretrain", "step": 7670, "loss": 2.3091736526998585, "perplexity": 10.066103120111917, "token_accuracy": 0.49938612149089595, "grad_norm": 3.232611656188965, "lr": 2.2710217734549975e-05, "tokens": 25963228, "tokens_per_second": 3137.139317655415}
{"stage": "pretrain", "step": 7680, "loss": 2.314419527472195, "perplexity": 10.119047384600888, "token_accuracy": 0.49750748616431234, "grad_norm": 3.3280282020568848, "lr": 2.260674579450265e-05, "tokens": 25994874, "tokens_per_second": 3119.5591231354915}
{"stage": "pretrain", "step": 7690, "loss": 2.3686586222033394, "perplexity": 10.683052659196315, "token_accuracy": 0.502911420420858, "grad_norm": 3.0442709922790527, "lr": 2.2503628101893485e-05, "tokens": 26026843, "tokens_per_second": 3126.578448883829}
{"stage": "pretrain", "step": 7700, "loss": 2.4315440314257586, "perplexity": 11.376434097840981, "token_accuracy": 0.4859259148880287, "grad_norm": 3.407750129699707, "lr": 2.2400865784401e-05, "tokens": 26059366, "tokens_per_second": 3120.7215458030346}
{"stage": "pretrain", "step": 7710, "loss": 2.481456425673557, "perplexity": 11.958668652832866, "token_accuracy": 0.46137972487101575, "grad_norm": 3.5393643379211426, "lr": 2.229845996581747e-05, "tokens": 26095166, "tokens_per_second": 3093.456963901528}
{"stage": "pretrain", "step": 7720, "loss": 2.429247723827517, "perplexity": 11.350340276966907, "token_accuracy": 0.48195121226271964, "grad_norm": 3.519198417663574, "lr": 2.219641176603649e-05, "tokens": 26126769, "tokens_per_second": 3100.717812384326}
{"stage": "pretrain", "step": 7730, "loss": 2.3828598126044094, "perplexity": 10.835847087581515, "token_accuracy": 0.476913545194114, "grad_norm": 3.255781650543213, "lr": 2.2094722301040836e-05, "tokens": 26162654, "tokens_per_second": 3088.968439913678}
{"stage": "pretrain", "step": 7740, "loss": 2.377519091717845, "perplexity": 10.778130115027473, "token_accuracy": 0.48131426901245644, "grad_norm": 3.263784408569336, "lr": 2.1993392682890214e-05, "tokens": 26196796, "tokens_per_second": 3055.356694045589}
{"stage": "pretrain", "step": 7750, "loss": 2.299560969047315, "perplexity": 9.969804441101415, "token_accuracy": 0.49639040163717896, "grad_norm": 3.060274600982666, "lr": 2.189242401970908e-05, "tokens": 26230532, "tokens_per_second": 3094.44567713625}
{"stage": "pretrain", "step": 7750, "validation": {"loss": 2.633252721658525, "perplexity": 13.918970887234634, "token_accuracy": 0.4583022428685787, "target_tokens": 17423.0}}
{"stage": "pretrain", "step": 7760, "loss": 2.3093777484363978, "perplexity": 10.068157778508672, "token_accuracy": 0.5010581915261885, "grad_norm": 3.1667749881744385, "lr": 2.1791817415674575e-05, "tokens": 26263946, "tokens_per_second": 2628.040101859613}
{"stage": "pretrain", "step": 7770, "loss": 2.1896614358746707, "perplexity": 8.932188484130533, "token_accuracy": 0.520276349741763, "grad_norm": 3.3052456378936768, "lr": 2.1691573971004378e-05, "tokens": 26298962, "tokens_per_second": 3104.246989144001}
{"stage": "pretrain", "step": 7780, "loss": 2.3683320269122854, "perplexity": 10.679564194192869, "token_accuracy": 0.4878941348309184, "grad_norm": 3.567837953567505, "lr": 2.159169478194476e-05, "tokens": 26330379, "tokens_per_second": 3158.2969417015593}
{"stage": "pretrain", "step": 7790, "loss": 2.312278917150994, "perplexity": 10.097409614607981, "token_accuracy": 0.4961322039763971, "grad_norm": 3.499952793121338, "lr": 2.1492180940758518e-05, "tokens": 26363016, "tokens_per_second": 3043.7419930498245}
{"stage": "pretrain", "step": 7800, "loss": 2.4210478133085616, "perplexity": 11.257649051581025, "token_accuracy": 0.48940334011647846, "grad_norm": 3.688408374786377, "lr": 2.1393033535713093e-05, "tokens": 26395732, "tokens_per_second": 3121.6080001561163}
{"stage": "pretrain", "step": 7810, "loss": 2.403400225204377, "perplexity": 11.060721457488441, "token_accuracy": 0.4856493321881778, "grad_norm": 3.359632968902588, "lr": 2.1294253651068597e-05, "tokens": 26431706, "tokens_per_second": 3070.071055298553}
{"stage": "pretrain", "step": 7820, "loss": 2.383285760130415, "perplexity": 10.84046357296111, "token_accuracy": 0.4950014313555758, "grad_norm": 3.2972261905670166, "lr": 2.1195842367066033e-05, "tokens": 26465950, "tokens_per_second": 3010.7011071638}
{"stage": "pretrain", "step": 7830, "loss": 2.3413452150729985, "perplexity": 10.395210955807153, "token_accuracy": 0.4933894227545422, "grad_norm": 3.715954303741455, "lr": 2.1097800759915436e-05, "tokens": 26499618, "tokens_per_second": 2997.6816616653323}
{"stage": "pretrain", "step": 7840, "loss": 2.5108527908444436, "perplexity": 12.31542806787359, "token_accuracy": 0.4672465382969616, "grad_norm": 3.219364643096924, "lr": 2.1000129901784122e-05, "tokens": 26534749, "tokens_per_second": 3110.87195803457}
{"stage": "pretrain", "step": 7850, "loss": 2.5654248980391725, "perplexity": 13.00618349764476, "token_accuracy": 0.460390771959857, "grad_norm": 3.8470516204833984, "lr": 2.090283086078495e-05, "tokens": 26568305, "tokens_per_second": 3038.051732213691}
{"stage": "pretrain", "step": 7860, "loss": 2.3544113559132933, "perplexity": 10.531927479838531, "token_accuracy": 0.5031260215714403, "grad_norm": 3.0483808517456055, "lr": 2.0805904700964624e-05, "tokens": 26602288, "tokens_per_second": 3062.1060642855896}
{"stage": "pretrain", "step": 7870, "loss": 2.4104612965048524, "perplexity": 11.139098387231515, "token_accuracy": 0.48069001615323687, "grad_norm": 3.2100765705108643, "lr": 2.070935248229211e-05, "tokens": 26636121, "tokens_per_second": 2990.3843126037555}
{"stage": "pretrain", "step": 7880, "loss": 2.2712470058407357, "perplexity": 9.691478612400235, "token_accuracy": 0.49743469976889554, "grad_norm": 2.822383403778076, "lr": 2.0613175260647e-05, "tokens": 26670759, "tokens_per_second": 3134.093297646421}
{"stage": "pretrain", "step": 7890, "loss": 2.337031787908057, "perplexity": 10.350468536440447, "token_accuracy": 0.4936967592527757, "grad_norm": 3.2944304943084717, "lr": 2.0517374087807986e-05, "tokens": 26703152, "tokens_per_second": 3116.922222439043}
{"stage": "pretrain", "step": 7900, "loss": 2.3730718698027733, "perplexity": 10.730303804509395, "token_accuracy": 0.4935834101251412, "grad_norm": 3.2569730281829834, "lr": 2.0421950011441354e-05, "tokens": 26738012, "tokens_per_second": 3094.7977491377787}
{"stage": "pretrain", "step": 7910, "loss": 2.449071458687591, "perplexity": 11.577591454678554, "token_accuracy": 0.48586049515411855, "grad_norm": 2.970170497894287, "lr": 2.0326904075089492e-05, "tokens": 26770652, "tokens_per_second": 3084.7249753702367}
{"stage": "pretrain", "step": 7920, "loss": 2.4377345145264835, "perplexity": 11.447078155691187, "token_accuracy": 0.48701074187797705, "grad_norm": 3.192492961883545, "lr": 2.023223731815954e-05, "tokens": 26804569, "tokens_per_second": 3089.8272963647746}
{"stage": "pretrain", "step": 7930, "loss": 2.3630179259366346, "perplexity": 10.622962438612435, "token_accuracy": 0.49062777943499064, "grad_norm": 3.2916524410247803, "lr": 2.0137950775911994e-05, "tokens": 26838371, "tokens_per_second": 3072.604464521607}
{"stage": "pretrain", "step": 7940, "loss": 2.3886902365172342, "perplexity": 10.89920920406283, "token_accuracy": 0.5014359597533958, "grad_norm": 3.189199209213257, "lr": 2.0044045479449376e-05, "tokens": 26872846, "tokens_per_second": 3020.287193032592}
{"stage": "pretrain", "step": 7950, "loss": 2.3423661199266674, "perplexity": 10.40582889615806, "token_accuracy": 0.49083948714797665, "grad_norm": 3.128159523010254, "lr": 1.9950522455704944e-05, "tokens": 26905201, "tokens_per_second": 3053.0525960274576}
{"stage": "pretrain", "step": 7960, "loss": 2.321743963780277, "perplexity": 10.193435796699527, "token_accuracy": 0.4913892146161448, "grad_norm": 3.158707857131958, "lr": 1.9857382727431524e-05, "tokens": 26939562, "tokens_per_second": 3138.423336583192}
{"stage": "pretrain", "step": 7970, "loss": 2.1575403188365563, "perplexity": 8.649835633334108, "token_accuracy": 0.5127282096353218, "grad_norm": 3.09893536567688, "lr": 1.9764627313190237e-05, "tokens": 26976557, "tokens_per_second": 3070.5195206083376}
{"stage": "pretrain", "step": 7980, "loss": 2.424877864657762, "perplexity": 11.300849101915885, "token_accuracy": 0.48592814028620007, "grad_norm": 3.43788480758667, "lr": 1.9672257227339452e-05, "tokens": 27009044, "tokens_per_second": 3030.5338419009586}
{"stage": "pretrain", "step": 7990, "loss": 2.4970314765325785, "perplexity": 12.146383565284973, "token_accuracy": 0.4823657140111509, "grad_norm": 3.2409749031066895, "lr": 1.958027348002364e-05, "tokens": 27042079, "tokens_per_second": 3030.7313268471116}
{"stage": "pretrain", "step": 8000, "loss": 2.1727921533392065, "perplexity": 8.78277268488597, "token_accuracy": 0.5227456148989589, "grad_norm": 3.2685627937316895, "lr": 1.9488677077162295e-05, "tokens": 27074937, "tokens_per_second": 3051.293100931043}
{"stage": "pretrain", "step": 8000, "validation": {"loss": 2.6329034854451243, "perplexity": 13.91411072726887, "token_accuracy": 0.45830224133424574, "target_tokens": 17423.0}}
{"stage": "pretrain", "step": 8010, "loss": 2.3709280747993318, "perplexity": 10.707324872688147, "token_accuracy": 0.503361343886672, "grad_norm": 3.067387580871582, "lr": 1.9397469020439014e-05, "tokens": 27109277, "tokens_per_second": 2620.117688768924}
{"stage": "pretrain", "step": 8020, "loss": 2.4855765898171533, "perplexity": 12.008041973869158, "token_accuracy": 0.46986845758355844, "grad_norm": 3.5848569869995117, "lr": 1.9306650307290498e-05, "tokens": 27143990, "tokens_per_second": 3089.4615556221197}
{"stage": "pretrain", "step": 8030, "loss": 2.542085381201304, "perplexity": 12.706140508260459, "token_accuracy": 0.4709855763869012, "grad_norm": 3.5298893451690674, "lr": 1.921622193089564e-05, "tokens": 27177338, "tokens_per_second": 2928.128751833763}
{"stage": "pretrain", "step": 8040, "loss": 2.3557023026515447, "perplexity": 10.54553241700132, "token_accuracy": 0.4887343546445579, "grad_norm": 3.2820615768432617, "lr": 1.9126184880164695e-05, "tokens": 27211867, "tokens_per_second": 3063.3105958907186}
{"stage": "pretrain", "step": 8050, "loss": 2.423923535384558, "perplexity": 11.290069515261536, "token_accuracy": 0.47994269466929584, "grad_norm": 3.511854648590088, "lr": 1.903654013972839e-05, "tokens": 27245797, "tokens_per_second": 3031.795461940789}
{"stage": "pretrain", "step": 8060, "loss": 2.4110305782626655, "perplexity": 11.145441478073497, "token_accuracy": 0.4917279554750113, "grad_norm": 3.352375030517578, "lr": 1.8947288689927263e-05, "tokens": 27279844, "tokens_per_second": 3047.670837720531}
{"stage": "pretrain", "step": 8070, "loss": 2.3209083288985237, "perplexity": 10.184921364156766, "token_accuracy": 0.5018715725280076, "grad_norm": 3.02193021774292, "lr": 1.885843150680087e-05, "tokens": 27313278, "tokens_per_second": 3037.2494645148704}
{"stage": "pretrain", "step": 8080, "loss": 2.4318547538087842, "perplexity": 11.379969559799333, "token_accuracy": 0.47997643982002114, "grad_norm": 3.3943307399749756, "lr": 1.8769969562077132e-05, "tokens": 27347588, "tokens_per_second": 3032.363452211672}
{"stage": "pretrain", "step": 8090, "loss": 2.2396546307141656, "perplexity": 9.390087679477956, "token_accuracy": 0.5066706325882024, "grad_norm": 3.4694952964782715, "lr": 1.8681903823161695e-05, "tokens": 27380134, "tokens_per_second": 3069.4975374045207}
{"stage": "pretrain", "step": 8100, "loss": 2.348555723321624, "perplexity": 10.470436591760734, "token_accuracy": 0.49072265380527824, "grad_norm": 3.045687198638916, "lr": 1.8594235253127375e-05, "tokens": 27414208, "tokens_per_second": 3049.934290312437}
{"stage": "pretrain", "step": 8110, "loss": 2.297415924565082, "perplexity": 9.948441687315874, "token_accuracy": 0.5073598445936538, "grad_norm": 3.2139742374420166, "lr": 1.85069648107036e-05, "tokens": 27448597, "tokens_per_second": 3069.1524656684605}
{"stage": "pretrain", "step": 8120, "loss": 2.3325956972530015, "perplexity": 10.304654612181748, "token_accuracy": 0.4883859498185583, "grad_norm": 3.2356882095336914, "lr": 1.8420093450265958e-05, "tokens": 27481239, "tokens_per_second": 3016.577167049739}
{"stage": "pretrain", "step": 8130, "loss": 2.4124461225805867, "perplexity": 11.16122951612599, "token_accuracy": 0.4936196706560665, "grad_norm": 3.4130027294158936, "lr": 1.8333622121825737e-05, "tokens": 27515515, "tokens_per_second": 3113.7674174380654}
{"stage": "pretrain", "step": 8140, "loss": 2.2945082896545506, "perplexity": 9.91955726398916, "token_accuracy": 0.5080062645383682, "grad_norm": 3.28867769241333, "lr": 1.8247551771019506e-05, "tokens": 27551288, "tokens_per_second": 3072.0361918610706}
{"stage": "pretrain", "step": 8150, "loss": 2.2246439522480372, "perplexity": 9.250188708619147, "token_accuracy": 0.5170002319969728, "grad_norm": 3.0284674167633057, "lr": 1.8161883339098846e-05, "tokens": 27586648, "tokens_per_second": 3047.2900112142756}
{"stage": "pretrain", "step": 8160, "loss": 2.3553719990077915, "perplexity": 10.54204976441675, "token_accuracy": 0.49964259723580845, "grad_norm": 3.383362293243408, "lr": 1.807661776292e-05, "tokens": 27618653, "tokens_per_second": 3039.7567233579252}
{"stage": "pretrain", "step": 8170, "loss": 2.4597038043776194, "perplexity": 11.701345139433599, "token_accuracy": 0.48062234596787956, "grad_norm": 3.183058738708496, "lr": 1.7991755974933648e-05, "tokens": 27651051, "tokens_per_second": 3106.664166845731}
{"stage": "pretrain", "step": 8180, "loss": 2.4560022219793445, "perplexity": 11.65811171164132, "token_accuracy": 0.48164304154909815, "grad_norm": 3.4522385597229004, "lr": 1.7907298903174723e-05, "tokens": 27683838, "tokens_per_second": 3076.2661459895658}
{"stage": "pretrain", "step": 8190, "loss": 2.259768622929395, "perplexity": 9.580872116162853, "token_accuracy": 0.5067479307489599, "grad_norm": 2.806725263595581, "lr": 1.7823247471252202e-05, "tokens": 27717900, "tokens_per_second": 3094.1658862723443}
{"stage": "pretrain", "step": 8200, "loss": 2.46125112620826, "perplexity": 11.719464901151941, "token_accuracy": 0.48572305550339545, "grad_norm": 3.347083330154419, "lr": 1.77396025983391e-05, "tokens": 27751239, "tokens_per_second": 3054.0360553125797}
{"stage": "pretrain", "step": 8210, "loss": 2.30877017961, "perplexity": 10.062042537606184, "token_accuracy": 0.500581054658754, "grad_norm": 3.1858675479888916, "lr": 1.7656365199162332e-05, "tokens": 27785656, "tokens_per_second": 3009.8125431577364}
{"stage": "pretrain", "step": 8220, "loss": 2.3017497960948137, "perplexity": 9.991650518641093, "token_accuracy": 0.5078064889623468, "grad_norm": 3.2043097019195557, "lr": 1.7573536183992784e-05, "tokens": 27818801, "tokens_per_second": 3067.3018403419856}
{"stage": "pretrain", "step": 8230, "loss": 2.3528648926672155, "perplexity": 10.515652828399219, "token_accuracy": 0.4919168519299245, "grad_norm": 3.520859718322754, "lr": 1.7491116458635266e-05, "tokens": 27854113, "tokens_per_second": 3058.236080356321}
{"stage": "pretrain", "step": 8240, "loss": 2.3396587016027963, "perplexity": 10.377694067890285, "token_accuracy": 0.5008264426076005, "grad_norm": 3.2754645347595215, "lr": 1.7409106924418696e-05, "tokens": 27888920, "tokens_per_second": 3033.519267033578}
{"stage": "pretrain", "step": 8250, "loss": 2.2357855606144965, "perplexity": 9.353826964861709, "token_accuracy": 0.5044198884489787, "grad_norm": 3.2000937461853027, "lr": 1.7327508478186218e-05, "tokens": 27922826, "tokens_per_second": 3042.7560911149076}
{"stage": "pretrain", "step": 8250, "validation": {"loss": 2.6292389806770315, "perplexity": 13.863215711632792, "token_accuracy": 0.46013889945874575, "target_tokens": 17423.0}}
{"stage": "pretrain", "step": 8260, "loss": 2.2503725171325097, "perplexity": 9.49127083888992, "token_accuracy": 0.4922250428036643, "grad_norm": 2.9224040508270264, "lr": 1.7246322012285347e-05, "tokens": 27955989, "tokens_per_second": 2577.807746079786}
{"stage": "pretrain", "step": 8270, "loss": 2.304188625610306, "perplexity": 10.016048189621602, "token_accuracy": 0.504592104498468, "grad_norm": 3.5851070880889893, "lr": 1.7165548414558292e-05, "tokens": 27989770, "tokens_per_second": 3094.5258812309653}
{"stage": "pretrain", "step": 8280, "loss": 2.374164380231539, "perplexity": 10.742033179385174, "token_accuracy": 0.49339735446249594, "grad_norm": 3.320434093475342, "lr": 1.7085188568332146e-05, "tokens": 28022195, "tokens_per_second": 3109.7051958125876}
{"stage": "pretrain", "step": 8290, "loss": 2.241566795474163, "perplexity": 9.408060252015664, "token_accuracy": 0.5160279570645268, "grad_norm": 3.072497606277466, "lr": 1.7005243352409334e-05, "tokens": 28056974, "tokens_per_second": 3033.524944537468}
{"stage": "pretrain", "step": 8300, "loss": 2.2660964308785507, "perplexity": 9.641690254714076, "token_accuracy": 0.5042609465829841, "grad_norm": 3.3665430545806885, "lr": 1.6925713641057904e-05, "tokens": 28091922, "tokens_per_second": 3027.7631816604094}
{"stage": "pretrain", "step": 8310, "loss": 2.3911411036077013, "perplexity": 10.92595447838183, "token_accuracy": 0.5002598722548594, "grad_norm": 3.2722299098968506, "lr": 1.684660030400207e-05, "tokens": 28126103, "tokens_per_second": 2996.13666790278}
{"stage": "pretrain", "step": 8320, "loss": 2.3754001430565084, "perplexity": 10.755315990164371, "token_accuracy": 0.4765250801145364, "grad_norm": 3.6847033500671387, "lr": 1.67679042064126e-05, "tokens": 28159443, "tokens_per_second": 3060.382498235528}
{"stage": "pretrain", "step": 8330, "loss": 2.153409355870586, "perplexity": 8.614177185244154, "token_accuracy": 0.526694317972017, "grad_norm": 3.257004737854004, "lr": 1.6689626208897398e-05, "tokens": 28193849, "tokens_per_second": 3043.3588666310857}
{"stage": "pretrain", "step": 8340, "loss": 2.425975372864688, "perplexity": 11.313258685114535, "token_accuracy": 0.48564509891259633, "grad_norm": 3.4518558979034424, "lr": 1.6611767167492124e-05, "tokens": 28227109, "tokens_per_second": 3066.742498709451}
{"stage": "pretrain", "step": 8350, "loss": 2.3517788735677203, "perplexity": 10.504238827617185, "token_accuracy": 0.4983399799501753, "grad_norm": 3.510512590408325, "lr": 1.653432793365074e-05, "tokens": 28261158, "tokens_per_second": 3131.931354197615}
{"stage": "pretrain", "step": 8360, "loss": 2.3219378419025496, "perplexity": 10.195412272482812, "token_accuracy": 0.499999994812565, "grad_norm": 3.2127487659454346, "lr": 1.6457309354236362e-05, "tokens": 28294406, "tokens_per_second": 3058.020306285007}
{"stage": "pretrain", "step": 8370, "loss": 2.414233017491945, "perplexity": 11.18119128983731, "token_accuracy": 0.4853431118936399, "grad_norm": 3.664365291595459, "lr": 1.6380712271511776e-05, "tokens": 28326987, "tokens_per_second": 3062.7460932311574}
{"stage": "pretrain", "step": 8380, "loss": 2.3922976810955308, "perplexity": 10.938598501851564, "token_accuracy": 0.48300971083560035, "grad_norm": 3.2736661434173584, "lr": 1.630453752313044e-05, "tokens": 28360383, "tokens_per_second": 3124.891037952409}
{"stage": "pretrain", "step": 8390, "loss": 2.423539700345457, "perplexity": 11.285736822560525, "token_accuracy": 0.4782059313994153, "grad_norm": 3.5276074409484863, "lr": 1.62287859421272e-05, "tokens": 28394530, "tokens_per_second": 3063.4686427983324}
{"stage": "pretrain", "step": 8400, "loss": 2.2701574563281337, "perplexity": 9.680925016978106, "token_accuracy": 0.5058616769761022, "grad_norm": 3.0388104915618896, "lr": 1.6153458356909176e-05, "tokens": 28430858, "tokens_per_second": 3087.3860962408976}
{"stage": "pretrain", "step": 8410, "loss": 2.2556167270789063, "perplexity": 9.541175797494608, "token_accuracy": 0.5102260405866741, "grad_norm": 3.8053226470947266, "lr": 1.6078555591246814e-05, "tokens": 28464224, "tokens_per_second": 3076.6072488516634}
{"stage": "pretrain", "step": 8420, "loss": 2.4557363733133406, "perplexity": 11.655012830129664, "token_accuracy": 0.48367081055993116, "grad_norm": 3.523057460784912, "lr": 1.6004078464264733e-05, "tokens": 28496700, "tokens_per_second": 3094.2277052145687}
{"stage": "pretrain", "step": 8430, "loss": 2.3189172911998748, "perplexity": 10.16466297606257, "token_accuracy": 0.501973873760575, "grad_norm": 3.170339345932007, "lr": 1.5930027790432876e-05, "tokens": 28531277, "tokens_per_second": 3081.467095948751}
{"stage": "pretrain", "step": 8440, "loss": 2.2884079622415863, "perplexity": 9.859228915314898, "token_accuracy": 0.5042283309438516, "grad_norm": 3.191690683364868, "lr": 1.585640437955753e-05, "tokens": 28565929, "tokens_per_second": 3051.995528176712}
{"stage": "pretrain", "step": 8450, "loss": 2.3040659795646454, "perplexity": 10.014819836245879, "token_accuracy": 0.5028177759631693, "grad_norm": 3.376577377319336, "lr": 1.578320903677252e-05, "tokens": 28598357, "tokens_per_second": 3059.658822175359}
{"stage": "pretrain", "step": 8460, "loss": 2.412413560358624, "perplexity": 11.160866087610161, "token_accuracy": 0.48248482525125946, "grad_norm": 3.25273060798645, "lr": 1.5710442562530416e-05, "tokens": 28633085, "tokens_per_second": 3087.8710072216136}
{"stage": "pretrain", "step": 8470, "loss": 2.3025151372599835, "perplexity": 9.999300467127831, "token_accuracy": 0.49698124007266553, "grad_norm": 3.557603359222412, "lr": 1.56381057525937e-05, "tokens": 28670441, "tokens_per_second": 3078.6242912817415}
{"stage": "pretrain", "step": 8480, "loss": 2.211909020174314, "perplexity": 9.133135100579997, "token_accuracy": 0.5237435164236733, "grad_norm": 3.255675792694092, "lr": 1.556619939802615e-05, "tokens": 28701709, "tokens_per_second": 3094.976801981295}
{"stage": "pretrain", "step": 8490, "loss": 2.3322138831774213, "perplexity": 10.300720901027757, "token_accuracy": 0.5031303400910573, "grad_norm": 3.263817310333252, "lr": 1.5494724285184116e-05, "tokens": 28736902, "tokens_per_second": 3047.941682966737}
{"stage": "pretrain", "step": 8500, "loss": 2.5759408155861765, "perplexity": 13.143677119650116, "token_accuracy": 0.45885539643246964, "grad_norm": 3.584470510482788, "lr": 1.5423681195707997e-05, "tokens": 28769696, "tokens_per_second": 3072.4269804994206}
{"stage": "pretrain", "step": 8500, "validation": {"loss": 2.6314501758421738, "perplexity": 13.89390390347453, "token_accuracy": 0.4596797327941795, "target_tokens": 17423.0}}
{"stage": "pretrain", "step": 8510, "loss": 2.231863129319263, "perplexity": 9.317209083754536, "token_accuracy": 0.515966367541241, "grad_norm": 3.095273971557617, "lr": 1.5353070906513632e-05, "tokens": 28801985, "tokens_per_second": 2608.760912242724}
{"stage": "pretrain", "step": 8520, "loss": 2.2992669463851305, "perplexity": 9.966873523557389, "token_accuracy": 0.5101136092202886, "grad_norm": 3.523383855819702, "lr": 1.5282894189783843e-05, "tokens": 28837595, "tokens_per_second": 3098.1066157106557}
{"stage": "pretrain", "step": 8530, "loss": 2.3762346768417317, "perplexity": 10.764295411022815, "token_accuracy": 0.49200853046484305, "grad_norm": 3.1634204387664795, "lr": 1.5213151812959947e-05, "tokens": 28872586, "tokens_per_second": 3059.890336605695}
{"stage": "pretrain", "step": 8540, "loss": 2.2146511119990113, "perplexity": 9.158213363409134, "token_accuracy": 0.5009811978263952, "grad_norm": 3.186340570449829, "lr": 1.5143844538733398e-05, "tokens": 28906924, "tokens_per_second": 3076.952850702532}
{"stage": "pretrain", "step": 8550, "loss": 2.290169190053041, "perplexity": 9.876608563747608, "token_accuracy": 0.5092971849208595, "grad_norm": 2.998645544052124, "lr": 1.507497312503747e-05, "tokens": 28938712, "tokens_per_second": 3095.091905131225}
{"stage": "pretrain", "step": 8560, "loss": 2.46601601264114, "perplexity": 11.775440072221004, "token_accuracy": 0.48643761499850086, "grad_norm": 3.2915194034576416, "lr": 1.5006538325038883e-05, "tokens": 28972712, "tokens_per_second": 3064.545344441299}
{"stage": "pretrain", "step": 8570, "loss": 2.359503340295383, "perplexity": 10.585692659637141, "token_accuracy": 0.49285715008420605, "grad_norm": 3.4802277088165283, "lr": 1.4938540887129663e-05, "tokens": 29006627, "tokens_per_second": 3086.2627453407995}
{"stage": "pretrain", "step": 8580, "loss": 2.375090008702283, "perplexity": 10.751980914372792, "token_accuracy": 0.5012371754132214, "grad_norm": 3.5395779609680176, "lr": 1.487098155491888e-05, "tokens": 29039135, "tokens_per_second": 3038.198427974575}
{"stage": "pretrain", "step": 8590, "loss": 2.285564761570105, "perplexity": 9.83123696127061, "token_accuracy": 0.5125382233012342, "grad_norm": 3.192904472351074, "lr": 1.4803861067224564e-05, "tokens": 29075763, "tokens_per_second": 3056.2408064800197}
{"stage": "pretrain", "step": 8600, "loss": 2.249698034133825, "perplexity": 9.484871296507055, "token_accuracy": 0.5050732766224539, "grad_norm": 3.1150434017181396, "lr": 1.4737180158065644e-05, "tokens": 29110028, "tokens_per_second": 2960.066090894409}
{"stage": "pretrain", "step": 8610, "loss": 2.273874012842065, "perplexity": 9.716971665121255, "token_accuracy": 0.513640875632446, "grad_norm": 3.205479383468628, "lr": 1.467093955665384e-05, "tokens": 29142666, "tokens_per_second": 3042.879201498719}
{"stage": "pretrain", "step": 8620, "loss": 2.4015964435352073, "perplexity": 11.040788313799816, "token_accuracy": 0.49395605154581124, "grad_norm": 3.0861363410949707, "lr": 1.4605139987385758e-05, "tokens": 29176434, "tokens_per_second": 3043.984201432909}
{"stage": "pretrain", "step": 8630, "loss": 2.3340285060343384, "perplexity": 10.319429794276337, "token_accuracy": 0.49784838871149306, "grad_norm": 3.5736751556396484, "lr": 1.4539782169834937e-05, "tokens": 29208153, "tokens_per_second": 3059.370939208772}
{"stage": "pretrain", "step": 8640, "loss": 2.3850913441361903, "perplexity": 10.860054621923517, "token_accuracy": 0.48596293731461343, "grad_norm": 3.2583200931549072, "lr": 1.447486681874401e-05, "tokens": 29242856, "tokens_per_second": 3006.1939457003796}
{"stage": "pretrain", "step": 8650, "loss": 2.148957562501097, "perplexity": 8.575913881721046, "token_accuracy": 0.5262890503525824, "grad_norm": 3.0726675987243652, "lr": 1.441039464401685e-05, "tokens": 29279002, "tokens_per_second": 3028.77818360508}
{"stage": "pretrain", "step": 8660, "loss": 2.4890887804541997, "perplexity": 12.050290655741675, "token_accuracy": 0.466175047747024, "grad_norm": 3.58754563331604, "lr": 1.4346366350710833e-05, "tokens": 29313193, "tokens_per_second": 3075.2319238766845}
{"stage": "pretrain", "step": 8670, "loss": 2.2287666896394516, "perplexity": 9.28840352819061, "token_accuracy": 0.5212991243952946, "grad_norm": 3.0993905067443848, "lr": 1.428278263902913e-05, "tokens": 29348112, "tokens_per_second": 3107.8777294355477}
{"stage": "pretrain", "step": 8680, "loss": 2.2612495698430917, "perplexity": 9.595071390744582, "token_accuracy": 0.5073670812194581, "grad_norm": 3.327944278717041, "lr": 1.4219644204312999e-05, "tokens": 29381560, "tokens_per_second": 3048.0829461189833}
{"stage": "pretrain", "step": 8690, "loss": 2.2763116162448482, "perplexity": 9.740686680475259, "token_accuracy": 0.5008246173827186, "grad_norm": 3.165473461151123, "lr": 1.4156951737034258e-05, "tokens": 29414054, "tokens_per_second": 3028.564566872107}
{"stage": "pretrain", "step": 8700, "loss": 2.4341527206328855, "perplexity": 11.406150422162602, "token_accuracy": 0.4927613996388765, "grad_norm": 3.4796383380889893, "lr": 1.4094705922787687e-05, "tokens": 29448687, "tokens_per_second": 3040.2199852450435}
{"stage": "pretrain", "step": 8710, "loss": 2.4273695503106096, "perplexity": 11.329042375289026, "token_accuracy": 0.4865303434690304, "grad_norm": 3.570871114730835, "lr": 1.4032907442283547e-05, "tokens": 29480549, "tokens_per_second": 3060.976341863652}
{"stage": "pretrain", "step": 8720, "loss": 2.404072385166909, "perplexity": 11.068158530780329, "token_accuracy": 0.486205102091404, "grad_norm": 3.5331451892852783, "lr": 1.3971556971340099e-05, "tokens": 29514272, "tokens_per_second": 3068.6028772241502}
{"stage": "pretrain", "step": 8730, "loss": 2.4271226788377187, "perplexity": 11.3262459031102, "token_accuracy": 0.47827507394351665, "grad_norm": 3.670585870742798, "lr": 1.391065518087628e-05, "tokens": 29548643, "tokens_per_second": 3131.387918664986}
{"stage": "pretrain", "step": 8740, "loss": 2.19810455115579, "perplexity": 9.007923249991133, "token_accuracy": 0.5122901601828546, "grad_norm": 3.492013692855835, "lr": 1.3850202736904302e-05, "tokens": 29581452, "tokens_per_second": 3057.721887663446}
{"stage": "pretrain", "step": 8750, "loss": 2.3827497497048964, "perplexity": 10.834654528461838, "token_accuracy": 0.4988482970770114, "grad_norm": 3.3946714401245117, "lr": 1.3790200300522413e-05, "tokens": 29615262, "tokens_per_second": 3040.9167974784473}
{"stage": "pretrain", "step": 8750, "validation": {"loss": 2.6247216984385884, "perplexity": 13.800732886061178, "token_accuracy": 0.4607702494351809, "target_tokens": 17423.0}}
{"stage": "pretrain", "step": 8760, "loss": 2.2193977789580823, "perplexity": 9.201787686771997, "token_accuracy": 0.4934374944958836, "grad_norm": 3.400552749633789, "lr": 1.3730648527907658e-05, "tokens": 29648364, "tokens_per_second": 2590.7433137083904}
{"stage": "pretrain", "step": 8770, "loss": 2.4439720123683504, "perplexity": 11.518702426881543, "token_accuracy": 0.49025269672543564, "grad_norm": 3.749891996383667, "lr": 1.3671548070308652e-05, "tokens": 29680437, "tokens_per_second": 3065.3375813777175}
{"stage": "pretrain", "step": 8780, "loss": 2.291822514976722, "perplexity": 9.892951313062154, "token_accuracy": 0.4968036473432451, "grad_norm": 3.405111312866211, "lr": 1.3612899574038549e-05, "tokens": 29714938, "tokens_per_second": 3107.7383674330945}
{"stage": "pretrain", "step": 8790, "loss": 2.1911850318395585, "perplexity": 8.945807903073831, "token_accuracy": 0.5095856687078228, "grad_norm": 3.1374361515045166, "lr": 1.3554703680467903e-05, "tokens": 29749349, "tokens_per_second": 3073.0388801958998}
{"stage": "pretrain", "step": 8800, "loss": 2.3877315188068584, "perplexity": 10.88876494651712, "token_accuracy": 0.5008259021215877, "grad_norm": 3.889038324356079, "lr": 1.3496961026017687e-05, "tokens": 29783489, "tokens_per_second": 3071.5209620962305}
{"stage": "pretrain", "step": 8810, "loss": 2.5445806985384567, "perplexity": 12.737885951964843, "token_accuracy": 0.46884833036202767, "grad_norm": 3.46509051322937, "lr": 1.3439672242152323e-05, "tokens": 29817562, "tokens_per_second": 3090.627161224403}
{"stage": "pretrain", "step": 8820, "loss": 2.4514774255311016, "perplexity": 11.60548029220213, "token_accuracy": 0.48732680155844976, "grad_norm": 3.602821111679077, "lr": 1.3382837955372757e-05, "tokens": 29851258, "tokens_per_second": 3054.569260328646}
{"stage": "pretrain", "step": 8830, "loss": 2.394967874692479, "perplexity": 10.967845708004544, "token_accuracy": 0.47357164557796716, "grad_norm": 3.2620644569396973, "lr": 1.332645878720965e-05, "tokens": 29884699, "tokens_per_second": 3113.4899042940606}
{"stage": "pretrain", "step": 8840, "loss": 2.3838271087529708, "perplexity": 10.846333631714954, "token_accuracy": 0.497704077093881, "grad_norm": 3.053030252456665, "lr": 1.327053535421656e-05, "tokens": 29919147, "tokens_per_second": 3022.5357323957123}
{"stage": "pretrain", "step": 8850, "loss": 2.410859490937411, "perplexity": 11.143534797411332, "token_accuracy": 0.47960057848700444, "grad_norm": 3.3511321544647217, "lr": 1.3215068267963188e-05, "tokens": 29953001, "tokens_per_second": 3050.0948278177084}
{"stage": "pretrain", "step": 8860, "loss": 2.2319854973473174, "perplexity": 9.318349282017568, "token_accuracy": 0.5133539572471241, "grad_norm": 3.400721311569214, "lr": 1.3160058135028691e-05, "tokens": 29985583, "tokens_per_second": 3106.388799362172}
{"stage": "pretrain", "step": 8870, "loss": 2.336277878640894, "perplexity": 10.342668163047705, "token_accuracy": 0.4933554745393734, "grad_norm": 3.375225067138672, "lr": 1.3105505556995082e-05, "tokens": 30019655, "tokens_per_second": 3089.704180655069}
{"stage": "pretrain", "step": 8880, "loss": 2.1990754436506252, "perplexity": 9.016673222022353, "token_accuracy": 0.518472295728732, "grad_norm": 3.1593668460845947, "lr": 1.3051411130440608e-05, "tokens": 30055506, "tokens_per_second": 3095.854423575865}
{"stage": "pretrain", "step": 8890, "loss": 2.301051244690824, "perplexity": 9.984673274408722, "token_accuracy": 0.5124411602187012, "grad_norm": 3.611271858215332, "lr": 1.2997775446933253e-05, "tokens": 30089583, "tokens_per_second": 3090.939242372286}
{"stage": "pretrain", "step": 8900, "loss": 2.087775189571049, "perplexity": 8.066947755181157, "token_accuracy": 0.5421764322119379, "grad_norm": 3.3265841007232666, "lr": 1.2944599093024267e-05, "tokens": 30122460, "tokens_per_second": 3069.345248925437}
{"stage": "pretrain", "step": 8910, "loss": 2.376826760159638, "perplexity": 10.770670657917117, "token_accuracy": 0.4943377608988216, "grad_norm": 3.026254892349243, "lr": 1.2891882650241722e-05, "tokens": 30157190, "tokens_per_second": 3129.39905974795}
{"stage": "pretrain", "step": 8920, "loss": 2.3859775638874665, "perplexity": 10.869683282753924, "token_accuracy": 0.48734567789935773, "grad_norm": 3.387476921081543, "lr": 1.2839626695084197e-05, "tokens": 30192200, "tokens_per_second": 3157.106579344069}
{"stage": "pretrain", "step": 8930, "loss": 2.498584818662292, "perplexity": 12.165265716024026, "token_accuracy": 0.47603834228689973, "grad_norm": 3.7814254760742188, "lr": 1.2787831799014446e-05, "tokens": 30227009, "tokens_per_second": 3107.7535846917017}
{"stage": "pretrain", "step": 8940, "loss": 2.270549684562401, "perplexity": 9.684722893872173, "token_accuracy": 0.5242261056704284, "grad_norm": 3.3993310928344727, "lr": 1.2736498528453153e-05, "tokens": 30261108, "tokens_per_second": 3143.768007299424}
{"stage": "pretrain", "step": 8950, "loss": 2.2802980196314198, "perplexity": 9.779594486425555, "token_accuracy": 0.5167163277019613, "grad_norm": 3.242973566055298, "lr": 1.2685627444772748e-05, "tokens": 30294402, "tokens_per_second": 3092.099087701326}
{"stage": "pretrain", "step": 8960, "loss": 2.265714529725591, "perplexity": 9.638008785112806, "token_accuracy": 0.5058377162622417, "grad_norm": 3.2297911643981934, "lr": 1.2635219104291237e-05, "tokens": 30328798, "tokens_per_second": 3091.3165625856323}
{"stage": "pretrain", "step": 8970, "loss": 2.4087064230363198, "perplexity": 11.119567820856929, "token_accuracy": 0.49909800498046863, "grad_norm": 3.566650152206421, "lr": 1.2585274058266167e-05, "tokens": 30361309, "tokens_per_second": 3153.360054600475}
{"stage": "pretrain", "step": 8980, "loss": 2.260902984227311, "perplexity": 9.591746453239201, "token_accuracy": 0.5111629427551866, "grad_norm": 3.5564866065979004, "lr": 1.2535792852888553e-05, "tokens": 30394894, "tokens_per_second": 3122.2359458619267}
{"stage": "pretrain", "step": 8990, "loss": 2.2282946201447196, "perplexity": 9.284019791025894, "token_accuracy": 0.518179441493062, "grad_norm": 3.143528938293457, "lr": 1.248677602927694e-05, "tokens": 30428667, "tokens_per_second": 3106.9918292339376}
{"stage": "pretrain", "step": 9000, "loss": 2.34481925243954, "perplexity": 10.431387109371375, "token_accuracy": 0.49496403156424595, "grad_norm": 3.6425368785858154, "lr": 1.2438224123471442e-05, "tokens": 30461307, "tokens_per_second": 3084.999388662076}
{"stage": "pretrain", "step": 9000, "validation": {"loss": 2.624966146299652, "perplexity": 13.804106858059605, "token_accuracy": 0.45973712968948083, "target_tokens": 17423.0}}
{"stage": "pretrain", "step": 9010, "loss": 2.1950949736862104, "perplexity": 8.980853961123001, "token_accuracy": 0.5158688867470477, "grad_norm": 3.0603816509246826, "lr": 1.2390137666427933e-05, "tokens": 30496160, "tokens_per_second": 2672.4043813134485}
{"stage": "pretrain", "step": 9020, "loss": 2.2448943382832924, "perplexity": 9.43941811864265, "token_accuracy": 0.5089837313033034, "grad_norm": 3.2379629611968994, "lr": 1.2342517184012198e-05, "tokens": 30531800, "tokens_per_second": 3049.9994781417695}
{"stage": "pretrain", "step": 9030, "loss": 2.293608725213208, "perplexity": 9.910637995330548, "token_accuracy": 0.5104415205558474, "grad_norm": 3.5777029991149902, "lr": 1.2295363196994208e-05, "tokens": 30566654, "tokens_per_second": 3109.560058557708}
{"stage": "pretrain", "step": 9040, "loss": 2.304189911273587, "perplexity": 10.016061066895254, "token_accuracy": 0.48913350680303075, "grad_norm": 3.4332892894744873, "lr": 1.2248676221042412e-05, "tokens": 30601791, "tokens_per_second": 3044.508658375743}
{"stage": "pretrain", "step": 9050, "loss": 2.4978542999442914, "perplexity": 12.15638200696197, "token_accuracy": 0.4752504489108543, "grad_norm": 3.3264923095703125, "lr": 1.2202456766718093e-05, "tokens": 30634836, "tokens_per_second": 3106.358300669746}
{"stage": "pretrain", "step": 9060, "loss": 2.4569442326681954, "perplexity": 11.66909895172181, "token_accuracy": 0.47346938500598984, "grad_norm": 3.6190991401672363, "lr": 1.2156705339469803e-05, "tokens": 30668212, "tokens_per_second": 3055.8368927023207}
{"stage": "pretrain", "step": 9070, "loss": 2.3345112169528295, "perplexity": 10.324412298168403, "token_accuracy": 0.5122415780761685, "grad_norm": 3.583127737045288, "lr": 1.2111422439627805e-05, "tokens": 30702588, "tokens_per_second": 3088.784529835272}
{"stage": "pretrain", "step": 9080, "loss": 2.4105535423291973, "perplexity": 11.140125969939083, "token_accuracy": 0.4865119260837472, "grad_norm": 3.330883264541626, "lr": 1.2066608562398661e-05, "tokens": 30735771, "tokens_per_second": 3080.7594015652962}
{"stage": "pretrain", "step": 9090, "loss": 2.2634562391802944, "perplexity": 9.616267918833927, "token_accuracy": 0.5073644789510743, "grad_norm": 3.164803981781006, "lr": 1.2022264197859742e-05, "tokens": 30769923, "tokens_per_second": 3122.1085294451123}
{"stage": "pretrain", "step": 9100, "loss": 2.2251326335522843, "perplexity": 9.254710207597833, "token_accuracy": 0.5131933252915427, "grad_norm": 2.991238594055176, "lr": 1.1978389830953907e-05, "tokens": 30804193, "tokens_per_second": 3061.4979841400354}
{"stage": "pretrain", "step": 9110, "loss": 2.3537640289924773, "perplexity": 10.525112085784762, "token_accuracy": 0.4893479730580375, "grad_norm": 3.4045608043670654, "lr": 1.1934985941484216e-05, "tokens": 30837223, "tokens_per_second": 3074.370846069049}
{"stage": "pretrain", "step": 9120, "loss": 2.331411430408861, "perplexity": 10.292458374609536, "token_accuracy": 0.4850520651973972, "grad_norm": 3.37542462348938, "lr": 1.1892053004108634e-05, "tokens": 30870221, "tokens_per_second": 3068.1617671713275}
{"stage": "pretrain", "step": 9130, "loss": 2.2826022780208306, "perplexity": 9.8021551819195, "token_accuracy": 0.5118184702049998, "grad_norm": 3.210503578186035, "lr": 1.1849591488334905e-05, "tokens": 30903544, "tokens_per_second": 2976.6296091122795}
{"stage": "pretrain", "step": 9140, "loss": 2.2593716215580066, "perplexity": 9.577069251714788, "token_accuracy": 0.5231002978731434, "grad_norm": 3.3441905975341797, "lr": 1.180760185851535e-05, "tokens": 30936604, "tokens_per_second": 2990.127283748824}
{"stage": "pretrain", "step": 9150, "loss": 2.4078285780720012, "perplexity": 11.10981084742156, "token_accuracy": 0.493513979273318, "grad_norm": 3.326549530029297, "lr": 1.1766084573841835e-05, "tokens": 30971326, "tokens_per_second": 3016.1624730143117}
{"stage": "pretrain", "step": 9160, "loss": 2.2169223608237396, "perplexity": 9.179037584289052, "token_accuracy": 0.5157593238395477, "grad_norm": 3.186771869659424, "lr": 1.1725040088340734e-05, "tokens": 31003156, "tokens_per_second": 3084.542514603591}
{"stage": "pretrain", "step": 9170, "loss": 2.318600447692535, "perplexity": 10.161442878754709, "token_accuracy": 0.5071953043363518, "grad_norm": 2.998358726501465, "lr": 1.1684468850867966e-05, "tokens": 31037615, "tokens_per_second": 2993.0159996697366}
{"stage": "pretrain", "step": 9180, "loss": 2.4519820771782133, "perplexity": 11.611338494998629, "token_accuracy": 0.48025928301606097, "grad_norm": 3.2929258346557617, "lr": 1.1644371305104087e-05, "tokens": 31069714, "tokens_per_second": 3007.630407631174}
{"stage": "pretrain", "step": 9190, "loss": 2.2294194346809264, "perplexity": 9.294468466750796, "token_accuracy": 0.507128980384967, "grad_norm": 3.031472682952881, "lr": 1.1604747889549428e-05, "tokens": 31104064, "tokens_per_second": 3018.110592244851}
{"stage": "pretrain", "step": 9200, "loss": 2.2772904862892602, "perplexity": 9.750226215099397, "token_accuracy": 0.5025510266761121, "grad_norm": 3.1707706451416016, "lr": 1.1565599037519316e-05, "tokens": 31137442, "tokens_per_second": 3061.2781638272036}
{"stage": "pretrain", "step": 9210, "loss": 2.3956566746090284, "perplexity": 10.975402961631985, "token_accuracy": 0.4958009341271076, "grad_norm": 3.3364615440368652, "lr": 1.1526925177139316e-05, "tokens": 31169741, "tokens_per_second": 3028.8421187378963}
{"stage": "pretrain", "step": 9220, "loss": 2.2412444466047727, "perplexity": 9.40502806316785, "token_accuracy": 0.5173399920309276, "grad_norm": 3.5647120475769043, "lr": 1.1488726731340583e-05, "tokens": 31201962, "tokens_per_second": 3028.9336276629383}
{"stage": "pretrain", "step": 9230, "loss": 2.1333562870585814, "perplexity": 8.443156968406322, "token_accuracy": 0.5274978343911175, "grad_norm": 2.947648763656616, "lr": 1.145100411785519e-05, "tokens": 31238034, "tokens_per_second": 3050.9326562027145}
{"stage": "pretrain", "step": 9240, "loss": 2.275369992649883, "perplexity": 9.73151893702492, "token_accuracy": 0.5060550499181135, "grad_norm": 3.723078489303589, "lr": 1.1413757749211602e-05, "tokens": 31270317, "tokens_per_second": 3023.0704547225614}
{"stage": "pretrain", "step": 9250, "loss": 2.387327582691016, "perplexity": 10.884367469308026, "token_accuracy": 0.4875301776973835, "grad_norm": 3.343369722366333, "lr": 1.1376988032730134e-05, "tokens": 31304998, "tokens_per_second": 3039.1853891315955}
{"stage": "pretrain", "step": 9250, "validation": {"loss": 2.627305181170279, "perplexity": 13.836432936532633, "token_accuracy": 0.4597945228575675, "target_tokens": 17423.0}}
{"stage": "pretrain", "step": 9260, "loss": 2.2764388798281203, "perplexity": 9.741926394049269, "token_accuracy": 0.5098837158534416, "grad_norm": 3.3774306774139404, "lr": 1.1340695370518513e-05, "tokens": 31341458, "tokens_per_second": 2686.819457605318}
{"stage": "pretrain", "step": 9270, "loss": 2.3916279605031012, "perplexity": 10.931275149756134, "token_accuracy": 0.4906249936390668, "grad_norm": 3.1546854972839355, "lr": 1.1304880159467484e-05, "tokens": 31375214, "tokens_per_second": 3109.9886003394136}
{"stage": "pretrain", "step": 9280, "loss": 2.241019373192988, "perplexity": 9.40291147961602, "token_accuracy": 0.5054602261173557, "grad_norm": 3.6020238399505615, "lr": 1.1269542791246455e-05, "tokens": 31409282, "tokens_per_second": 3077.3888465840773}
{"stage": "pretrain", "step": 9290, "loss": 2.186824206560173, "perplexity": 8.906881734622853, "token_accuracy": 0.5165477042690181, "grad_norm": 2.998652696609497, "lr": 1.1234683652299223e-05, "tokens": 31445622, "tokens_per_second": 3047.6446168727393}
{"stage": "pretrain", "step": 9300, "loss": 2.274501175429063, "perplexity": 9.72306769761048, "token_accuracy": 0.491538860561796, "grad_norm": 3.45033860206604, "lr": 1.1200303123839742e-05, "tokens": 31480920, "tokens_per_second": 3030.2113823529417}
{"stage": "pretrain", "step": 9310, "loss": 2.2296550034660183, "perplexity": 9.296658211303189, "token_accuracy": 0.5212328657303771, "grad_norm": 3.280797243118286, "lr": 1.1166401581847961e-05, "tokens": 31513000, "tokens_per_second": 3022.071675139303}
{"stage": "pretrain", "step": 9320, "loss": 2.313661766178854, "perplexity": 10.111382466623203, "token_accuracy": 0.5024892211632993, "grad_norm": 3.372004747390747, "lr": 1.1132979397065731e-05, "tokens": 31545985, "tokens_per_second": 3098.999660900485}
{"stage": "pretrain", "step": 9330, "loss": 2.3113319467243394, "perplexity": 10.087852192329478, "token_accuracy": 0.5115789493044516, "grad_norm": 3.5297298431396484, "lr": 1.1100036934992688e-05, "tokens": 31579634, "tokens_per_second": 3101.1652624454937}
{"stage": "pretrain", "step": 9340, "loss": 2.3453154616665874, "perplexity": 10.436564544345217, "token_accuracy": 0.4923928103423877, "grad_norm": 3.2639195919036865, "lr": 1.1067574555882334e-05, "tokens": 31613061, "tokens_per_second": 3078.55677224328}
{"stage": "pretrain", "step": 9350, "loss": 2.277700370084207, "perplexity": 9.754223493975987, "token_accuracy": 0.5023816202110388, "grad_norm": 3.499791383743286, "lr": 1.1035592614738034e-05, "tokens": 31644262, "tokens_per_second": 3016.346189338942}
{"stage": "pretrain", "step": 9360, "loss": 2.4088020441623836, "perplexity": 11.12063113729025, "token_accuracy": 0.4875000071640198, "grad_norm": 3.3599374294281006, "lr": 1.100409146130918e-05, "tokens": 31677541, "tokens_per_second": 3068.8842896389106}
{"stage": "pretrain", "step": 9370, "loss": 2.4415815668784275, "perplexity": 11.491200480663126, "token_accuracy": 0.48521081338970073, "grad_norm": 3.3346190452575684, "lr": 1.0973071440087342e-05, "tokens": 31711525, "tokens_per_second": 3060.476921641361}
{"stage": "pretrain", "step": 9380, "loss": 2.271194789732052, "perplexity": 9.690972574311491, "token_accuracy": 0.5102580873455508, "grad_norm": 3.1225955486297607, "lr": 1.0942532890302492e-05, "tokens": 31748898, "tokens_per_second": 3115.0365495966475}
{"stage": "pretrain", "step": 9390, "loss": 2.271616202179426, "perplexity": 9.695057331404755, "token_accuracy": 0.5049153490674619, "grad_norm": 3.4969069957733154, "lr": 1.0912476145919328e-05, "tokens": 31782137, "tokens_per_second": 2954.2972616049815}
{"stage": "pretrain", "step": 9400, "loss": 2.356636179794728, "perplexity": 10.555385248639311, "token_accuracy": 0.5032277008684728, "grad_norm": 3.325664520263672, "lr": 1.088290153563358e-05, "tokens": 31817239, "tokens_per_second": 2894.857914883644}
{"stage": "pretrain", "step": 9410, "loss": 2.4369276806253897, "perplexity": 11.437845989879715, "token_accuracy": 0.5033580816310385, "grad_norm": 3.6537296772003174, "lr": 1.0853809382868461e-05, "tokens": 31849350, "tokens_per_second": 3036.7161867114314}
{"stage": "pretrain", "step": 9420, "loss": 2.228203206460263, "perplexity": 9.283171143359823, "token_accuracy": 0.5188872678911703, "grad_norm": 3.1419055461883545, "lr": 1.082520000577108e-05, "tokens": 31881936, "tokens_per_second": 3053.0579967570297}
{"stage": "pretrain", "step": 9430, "loss": 2.139593041875398, "perplexity": 8.495979417409854, "token_accuracy": 0.5211314380664793, "grad_norm": 3.2195982933044434, "lr": 1.0797073717209014e-05, "tokens": 31915810, "tokens_per_second": 3040.839839223698}
{"stage": "pretrain", "step": 9440, "loss": 2.357781700799324, "perplexity": 10.567483592283642, "token_accuracy": 0.49432534176720044, "grad_norm": 3.2201008796691895, "lr": 1.0769430824766836e-05, "tokens": 31948700, "tokens_per_second": 3092.832084931366}
{"stage": "pretrain", "step": 9450, "loss": 2.234310768561121, "perplexity": 9.34004218252751, "token_accuracy": 0.5055187623166617, "grad_norm": 3.49008846282959, "lr": 1.0742271630742796e-05, "tokens": 31983270, "tokens_per_second": 3056.2710672389026}
{"stage": "pretrain", "step": 9460, "loss": 2.411022169805076, "perplexity": 11.145347762495518, "token_accuracy": 0.48528471003719725, "grad_norm": 3.5455169677734375, "lr": 1.0715596432145487e-05, "tokens": 32015640, "tokens_per_second": 3110.277836579801}
{"stage": "pretrain", "step": 9470, "loss": 2.33035961744255, "perplexity": 10.281638324767792, "token_accuracy": 0.4931425145856667, "grad_norm": 3.1441307067871094, "lr": 1.0689405520690606e-05, "tokens": 32048803, "tokens_per_second": 3098.864538988582}
{"stage": "pretrain", "step": 9480, "loss": 2.4902629948425745, "perplexity": 12.064448591012676, "token_accuracy": 0.486214048813685, "grad_norm": 3.3810079097747803, "lr": 1.0663699182797772e-05, "tokens": 32082062, "tokens_per_second": 2968.877115166659}
{"stage": "pretrain", "step": 9490, "loss": 2.364675143920364, "perplexity": 10.640581598367993, "token_accuracy": 0.4977506433438826, "grad_norm": 3.6857810020446777, "lr": 1.0638477699587366e-05, "tokens": 32117022, "tokens_per_second": 3095.253046962021}
{"stage": "pretrain", "step": 9500, "loss": 2.2922160894892687, "perplexity": 9.896845692866888, "token_accuracy": 0.49737188026171947, "grad_norm": 3.283282995223999, "lr": 1.0613741346877497e-05, "tokens": 32151702, "tokens_per_second": 2995.285964534877}
{"stage": "pretrain", "step": 9500, "validation": {"loss": 2.6250258933141053, "perplexity": 13.804931636870357, "token_accuracy": 0.4599667096708629, "target_tokens": 17423.0}}
{"stage": "pretrain", "step": 9510, "loss": 2.356868908264184, "perplexity": 10.557842073168162, "token_accuracy": 0.4859813153465217, "grad_norm": 3.357858657836914, "lr": 1.0589490395180945e-05, "tokens": 32184384, "tokens_per_second": 2626.6493862068437}
{"stage": "pretrain", "step": 9520, "loss": 2.2118530371631735, "perplexity": 9.132623814487713, "token_accuracy": 0.5329173251172867, "grad_norm": 3.54976749420166, "lr": 1.0565725109702244e-05, "tokens": 32217862, "tokens_per_second": 3052.4535286584164}
{"stage": "pretrain", "step": 9530, "loss": 2.2852778180904827, "perplexity": 9.82841635662436, "token_accuracy": 0.507903370436291, "grad_norm": 3.2789125442504883, "lr": 1.0542445750334742e-05, "tokens": 32251919, "tokens_per_second": 3059.631101284718}
{"stage": "pretrain", "step": 9540, "loss": 2.3520009732594724, "perplexity": 10.50657207492005, "token_accuracy": 0.5051290077991948, "grad_norm": 3.630601167678833, "lr": 1.0519652571657785e-05, "tokens": 32286857, "tokens_per_second": 3055.3777884354267}
{"stage": "pretrain", "step": 9550, "loss": 2.5044563024499102, "perplexity": 12.236903982100047, "token_accuracy": 0.4822447739527357, "grad_norm": 3.5412325859069824, "lr": 1.0497345822933918e-05, "tokens": 32322679, "tokens_per_second": 3050.7173765334487}
{"stage": "pretrain", "step": 9560, "loss": 2.2640571944173034, "perplexity": 9.622048602192226, "token_accuracy": 0.5082809919292487, "grad_norm": 3.318056106567383, "lr": 1.047552574810618e-05, "tokens": 32356492, "tokens_per_second": 2993.9330304613477}
{"stage": "pretrain", "step": 9570, "loss": 2.3691718838071925, "perplexity": 10.688537267337201, "token_accuracy": 0.4981263379787735, "grad_norm": 3.2140393257141113, "lr": 1.0454192585795413e-05, "tokens": 32391100, "tokens_per_second": 3109.048195306795}
{"stage": "pretrain", "step": 9580, "loss": 2.31172939970376, "perplexity": 10.091862436128157, "token_accuracy": 0.49949782457206415, "grad_norm": 3.9155948162078857, "lr": 1.0433346569297655e-05, "tokens": 32425446, "tokens_per_second": 3062.17745928045}
{"stage": "pretrain", "step": 9590, "loss": 2.3839570718406016, "perplexity": 10.847743346326654, "token_accuracy": 0.49390243042290694, "grad_norm": 3.813793420791626, "lr": 1.0412987926581604e-05, "tokens": 32458952, "tokens_per_second": 3072.843566651165}
{"stage": "pretrain", "step": 9600, "loss": 2.309540926035339, "perplexity": 10.069800810370081, "token_accuracy": 0.5089697601366263, "grad_norm": 3.171243906021118, "lr": 1.0393116880286118e-05, "tokens": 32491476, "tokens_per_second": 3086.9771301080195}
{"stage": "pretrain", "step": 9610, "loss": 2.2851260336061983, "perplexity": 9.82692466872674, "token_accuracy": 0.5142154075559727, "grad_norm": 3.3831963539123535, "lr": 1.0373733647717772e-05, "tokens": 32526150, "tokens_per_second": 3047.691564926857}
{"stage": "pretrain", "step": 9620, "loss": 2.399761843841161, "perplexity": 11.02055145587999, "token_accuracy": 0.48586418145045496, "grad_norm": 3.3400094509124756, "lr": 1.0354838440848503e-05, "tokens": 32559808, "tokens_per_second": 3105.146959619709}
{"stage": "pretrain", "step": 9630, "loss": 2.149315838171668, "perplexity": 8.578986973491917, "token_accuracy": 0.5211000394883344, "grad_norm": 3.6942250728607178, "lr": 1.0336431466313247e-05, "tokens": 32593957, "tokens_per_second": 3109.4795653476085}
{"stage": "pretrain", "step": 9640, "loss": 2.2943769011877277, "perplexity": 9.918254034185242, "token_accuracy": 0.4896755102109768, "grad_norm": 3.564382553100586, "lr": 1.0318512925407743e-05, "tokens": 32626827, "tokens_per_second": 3101.9839022938218}
{"stage": "pretrain", "step": 9650, "loss": 2.339240030731003, "perplexity": 10.37335013906936, "token_accuracy": 0.5066334801427959, "grad_norm": 3.131631374359131, "lr": 1.0301083014086285e-05, "tokens": 32659843, "tokens_per_second": 3077.495813458162}
{"stage": "pretrain", "step": 9660, "loss": 2.4101847740505766, "perplexity": 11.136018602241535, "token_accuracy": 0.4930960404869236, "grad_norm": 3.456587553024292, "lr": 1.0284141922959579e-05, "tokens": 32693622, "tokens_per_second": 3061.330798184665}
{"stage": "pretrain", "step": 9670, "loss": 2.208917886966314, "perplexity": 9.105857492704327, "token_accuracy": 0.5066666645957874, "grad_norm": 3.20932936668396, "lr": 1.0267689837292697e-05, "tokens": 32729607, "tokens_per_second": 3110.9693152286873}
{"stage": "pretrain", "step": 9680, "loss": 2.353318181779848, "perplexity": 10.520420539832761, "token_accuracy": 0.48550045480042703, "grad_norm": 3.45418381690979, "lr": 1.0251726937002994e-05, "tokens": 32763491, "tokens_per_second": 3121.8446018923332}
{"stage": "pretrain", "step": 9690, "loss": 2.3168238722140773, "perplexity": 10.143406334895275, "token_accuracy": 0.4996568298270298, "grad_norm": 3.2713587284088135, "lr": 1.023625339665821e-05, "tokens": 32797153, "tokens_per_second": 3103.722141592351}
{"stage": "pretrain", "step": 9700, "loss": 2.263538799098607, "perplexity": 9.617061869901592, "token_accuracy": 0.5090518575133118, "grad_norm": 3.3091650009155273, "lr": 1.0221269385474488e-05, "tokens": 32830365, "tokens_per_second": 3112.969781437834}
{"stage": "pretrain", "step": 9710, "loss": 2.3635293571787552, "perplexity": 10.628396743005487, "token_accuracy": 0.4911612748191964, "grad_norm": 3.430020809173584, "lr": 1.0206775067314581e-05, "tokens": 32864949, "tokens_per_second": 3093.8775672827996}
{"stage": "pretrain", "step": 9720, "loss": 2.301785919199819, "perplexity": 9.992011454600979, "token_accuracy": 0.5036231862462085, "grad_norm": 3.036545515060425, "lr": 1.0192770600686032e-05, "tokens": 32897683, "tokens_per_second": 3100.5460508831734}
{"stage": "pretrain", "step": 9730, "loss": 2.314989403356011, "perplexity": 10.124815629108177, "token_accuracy": 0.5091303114052049, "grad_norm": 3.2553842067718506, "lr": 1.0179256138739437e-05, "tokens": 32930908, "tokens_per_second": 3071.225865020753}
{"stage": "pretrain", "step": 9740, "loss": 2.231612555444128, "perplexity": 9.314874727045595, "token_accuracy": 0.5070621441846289, "grad_norm": 3.328035831451416, "lr": 1.0166231829266793e-05, "tokens": 32966747, "tokens_per_second": 3066.9996766259146}
{"stage": "pretrain", "step": 9750, "loss": 2.2123367752743097, "perplexity": 9.137042681382447, "token_accuracy": 0.5114527876600786, "grad_norm": 3.3315296173095703, "lr": 1.0153697814699859e-05, "tokens": 32999720, "tokens_per_second": 3130.2579546887832}
{"stage": "pretrain", "step": 9750, "validation": {"loss": 2.6273462285214393, "perplexity": 13.837000897110743, "token_accuracy": 0.4599093172023773, "target_tokens": 17423.0}}
{"stage": "pretrain", "step": 9760, "loss": 2.295963034826174, "perplexity": 9.933998193413009, "token_accuracy": 0.5094082547300415, "grad_norm": 3.3724162578582764, "lr": 1.0141654232108607e-05, "tokens": 33034157, "tokens_per_second": 2649.126965319824}
{"stage": "pretrain", "step": 9770, "loss": 2.4368819925129723, "perplexity": 11.437323428223836, "token_accuracy": 0.48489314285858465, "grad_norm": 3.7858548164367676, "lr": 1.0130101213199734e-05, "tokens": 33068284, "tokens_per_second": 3057.9294908259462}
{"stage": "pretrain", "step": 9780, "loss": 2.3028777482989975, "perplexity": 10.002926981326933, "token_accuracy": 0.5058533656178472, "grad_norm": 3.3529107570648193, "lr": 1.0119038884315204e-05, "tokens": 33103787, "tokens_per_second": 3116.017946944116}
{"stage": "pretrain", "step": 9790, "loss": 2.3112756484933916, "perplexity": 10.087284280083365, "token_accuracy": 0.4955971495063343, "grad_norm": 3.1713154315948486, "lr": 1.010846736643086e-05, "tokens": 33138629, "tokens_per_second": 3076.675230901894}
{"stage": "pretrain", "step": 9800, "loss": 2.3198305270172375, "perplexity": 10.173949950317049, "token_accuracy": 0.5031895920554421, "grad_norm": 3.119419574737549, "lr": 1.0098386775155147e-05, "tokens": 33172825, "tokens_per_second": 3125.7200514465067}
{"stage": "pretrain", "step": 9810, "loss": 2.1360452433285113, "perplexity": 8.465890799715588, "token_accuracy": 0.532941769736232, "grad_norm": 3.258732557296753, "lr": 1.008879722072778e-05, "tokens": 33205697, "tokens_per_second": 3039.272883406369}
{"stage": "pretrain", "step": 9820, "loss": 2.3473972053155636, "perplexity": 10.458313426246574, "token_accuracy": 0.48752397776450856, "grad_norm": 3.5057387351989746, "lr": 1.00796988080186e-05, "tokens": 33239628, "tokens_per_second": 3110.10762826878}
{"stage": "pretrain", "step": 9830, "loss": 2.3099251248243915, "perplexity": 10.073670358937765, "token_accuracy": 0.49545830195349766, "grad_norm": 3.068082809448242, "lr": 1.0071091636526384e-05, "tokens": 33273686, "tokens_per_second": 3064.853540610862}
{"stage": "pretrain", "step": 9840, "loss": 2.2528362006047593, "perplexity": 9.514683154411522, "token_accuracy": 0.5130466634365882, "grad_norm": 3.4664363861083984, "lr": 1.0062975800377783e-05, "tokens": 33307077, "tokens_per_second": 3100.1593269679292}
{"stage": "pretrain", "step": 9850, "loss": 2.451235808956239, "perplexity": 11.602676554532676, "token_accuracy": 0.48619330044955816, "grad_norm": 3.8005144596099854, "lr": 1.0055351388326288e-05, "tokens": 33341468, "tokens_per_second": 3060.2786457355132}
{"stage": "pretrain", "step": 9860, "loss": 2.2559965022879402, "perplexity": 9.544799987672764, "token_accuracy": 0.5033283223531418, "grad_norm": 3.267702102661133, "lr": 1.0048218483751232e-05, "tokens": 33376969, "tokens_per_second": 3109.1570381278584}
{"stage": "pretrain", "step": 9870, "loss": 2.3644080766448883, "perplexity": 10.637740226666626, "token_accuracy": 0.4932967693993843, "grad_norm": 3.532994508743286, "lr": 1.0041577164656931e-05, "tokens": 33410790, "tokens_per_second": 3071.7286909494273}
{"stage": "pretrain", "step": 9880, "loss": 2.369534184130921, "perplexity": 10.692410429430916, "token_accuracy": 0.48704662788893716, "grad_norm": 2.9897756576538086, "lr": 1.0035427503671778e-05, "tokens": 33444644, "tokens_per_second": 3098.7686956459356}
{"stage": "pretrain", "step": 9890, "loss": 2.2868885870515947, "perplexity": 9.84426042176695, "token_accuracy": 0.5022189478505645, "grad_norm": 3.6530768871307373, "lr": 1.0029769568047488e-05, "tokens": 33478842, "tokens_per_second": 3115.1943929261597}
{"stage": "pretrain", "step": 9900, "loss": 2.4115884044155327, "perplexity": 11.151660431201304, "token_accuracy": 0.4842140301492532, "grad_norm": 3.457901954650879, "lr": 1.0024603419658329e-05, "tokens": 33511866, "tokens_per_second": 3015.7422468514524}
{"stage": "pretrain", "step": 9910, "loss": 2.2858110927071054, "perplexity": 9.833658999348847, "token_accuracy": 0.49654934964071396, "grad_norm": 3.588033437728882, "lr": 1.0019929115000482e-05, "tokens": 33545585, "tokens_per_second": 3078.3144373800887}
{"stage": "pretrain", "step": 9920, "loss": 2.5365700003460647, "perplexity": 12.636254206102047, "token_accuracy": 0.46511628307071345, "grad_norm": 3.8657753467559814, "lr": 1.0015746705191384e-05, "tokens": 33578683, "tokens_per_second": 3102.2804959358195}
{"stage": "pretrain", "step": 9930, "loss": 2.2115683212729347, "perplexity": 9.1300239814926, "token_accuracy": 0.515749284199306, "grad_norm": 3.292926073074341, "lr": 1.0012056235969205e-05, "tokens": 33610884, "tokens_per_second": 3092.9748703197847}
{"stage": "pretrain", "step": 9940, "loss": 2.468476764866463, "perplexity": 11.804452193764444, "token_accuracy": 0.474620773518934, "grad_norm": 3.5101380348205566, "lr": 1.0008857747692326e-05, "tokens": 33642692, "tokens_per_second": 3062.024506054487}
{"stage": "pretrain", "step": 9950, "loss": 2.449323990145143, "perplexity": 11.580515529918497, "token_accuracy": 0.4933000934034837, "grad_norm": 3.465407371520996, "lr": 1.0006151275338897e-05, "tokens": 33676931, "tokens_per_second": 3061.4589345733884}
{"stage": "pretrain", "step": 9960, "loss": 2.295083628118188, "perplexity": 9.925266008898179, "token_accuracy": 0.506926964564948, "grad_norm": 3.506540536880493, "lr": 1.0003936848506474e-05, "tokens": 33710342, "tokens_per_second": 3115.4057074175885}
{"stage": "pretrain", "step": 9970, "loss": 2.2887755696674645, "perplexity": 9.86285390732377, "token_accuracy": 0.5105990858533965, "grad_norm": 2.937462568283081, "lr": 1.0002214491411662e-05, "tokens": 33743760, "tokens_per_second": 3112.446093033045}
{"stage": "pretrain", "step": 9980, "loss": 2.2240068152868764, "perplexity": 9.244296948623512, "token_accuracy": 0.5098475214505741, "grad_norm": 3.4865429401397705, "lr": 1.0000984222889896e-05, "tokens": 33776694, "tokens_per_second": 3021.294046311201}
{"stage": "pretrain", "step": 9990, "loss": 2.3886237192491375, "perplexity": 10.898484242553657, "token_accuracy": 0.5013609121010624, "grad_norm": 3.582736015319824, "lr": 1.000024605639518e-05, "tokens": 33808012, "tokens_per_second": 3096.984438641884}
{"stage": "pretrain", "step": 10000, "loss": 2.2937963035293882, "perplexity": 9.91249719048488, "token_accuracy": 0.49885954776079033, "grad_norm": 3.841874599456787, "lr": 1e-05, "tokens": 33842424, "tokens_per_second": 3068.05061848711}
{"stage": "pretrain", "step": 10000, "validation": {"loss": 2.6250769718844302, "perplexity": 13.805636791050782, "token_accuracy": 0.46025368967265917, "target_tokens": 17423.0}}
